,Wardcode,Population2011Census,Crimerate,Openspace,hhSocialRented,JobSeekers,Noqual,Carsperhousehold,Districtcode,GeneralFertilityRate,Malelifeexpectancy,Femalelifeexpectancy,Children,Greaterthan65,nonwhite,NotBorninUK,NotEnglishspeaking,District,Ward name
0,00ANGQ,11201,117.7,0.0,23.7,3.6,9.4,0.6,00AN,47.3,78.8,81.1,16.6502990804392,7.2,22.7,40.5,11.9,Hammersmith and Fulham,Town
1,00ANGA,11518,114.0,0.3,24.9,4.5,9.3,0.5,00AN,49.4,78.8,88.6,14.5598194130926,7.2,27.9,44.1,15.8,Hammersmith and Fulham,Addison
2,00ADGN,10800,44.2,0.7,1.1,2.9,22.1,1.3,00AD,58.1,78.2,82.8,19.1111111111111,15.7,15.4,12.4,2.6,Bexley,Falconwood and Welling
3,00BEGH,12321,65.3,0.7,20.3,4.6,12.3,0.7,00BE,76.7,81.2,82.9,17.5229283337391,8.7,28.2,25.9,5.6,Southwark,East Dulwich
4,00BCFZ,12609,64.3,1.3,4.7,4.2,17.2,1.2,00BC,68.7,81.0,85.7,20.2791656753113,14.8,64.2,40.5,12.8,Redbridge,Barkingside
5,00AGGD,12702,67.6,1.3,19.6,3.3,8.4,0.6,00AG,83.4,82.3,83.9,17.4460714848055,12.0,27.8,46.3,14.0,Camden,Belsize
6,00BGGL,10286,213.5,1.4,31.9,11.2,17.2,0.3,00BG,35.7,92.7,93.7,13.7079525568734,5.6,54.7,50.7,24.6,Tower Hamlets,Spitalfields and Banglatown
7,00BEGD,15032,128.1,1.6,63.5,11.6,19.3,0.4,00BE,69.6,74.4,85.1,21.1881319850985,7.4,61.1,46.8,13.4,Southwark,Camberwell Green
8,00BKGC,11991,255.3,2.1,7.8,3.3,8.2,0.4,00BK,56.0,85.6,88.7,10.6329747310483,10.6,37.2,61.3,28.8,Westminster,Bryanston and Dorset Square
9,00BBGL,17362,111.2,2.2,26.4,9.8,17.6,0.6,00BB,61.8,74.6,77.2,19.4102061974427,6.5,68.2,54.8,25.5,Newham,Forest Gate South
10,00AHGE,16883,69.4,2.3,13.7,5.1,15.3,0.7,00AH,64.9,76.8,81.4,18.6815139489427,9.7,43.6,34.5,10.2,Croydon,Addiscombe
11,00BBGM,15885,70.4,2.4,12.8,9.5,20.3,0.6,00BB,96.4,81.9,83.0,22.2599937047529,5.7,89.9,62.2,33.2,Newham,Green Sainteet East
12,00BJGN,14160,84.9,2.4,22.6,2.8,10.9,0.6,00BJ,51.0,80.8,84.9,12.7189265536723,7.7,18.8,29.0,5.7,Wandsworth,Shaftesbury
13,00BJGF,15198,105.1,2.6,17.8,5.2,14.7,0.6,00BJ,63.8,76.9,84.0,17.8707724700618,8.8,46.4,42.4,14.4,Wandsworth,Graveney
14,00AZGG,15214,57.0,3.0,12.6,6.5,17.3,0.9,00AZ,68.9,77.4,81.4,21.4670698041278,11.3,56.2,32.2,7.1,Lewisham,Catford South
15,00ABFZ,11545,91.7,3.0,29.4,10.2,28.0,0.9,00AB,67.4,75.3,81.0,25.4395842355998,9.5,41.2,30.1,10.5,Barking and Dagenham,Becontree
16,00BKGF,12034,95.3,3.0,43.4,10.4,18.4,0.4,00BK,77.5,77.1,92.1,18.8964600299152,8.5,49.0,48.2,17.9,Westminster,Harrow Road
17,00BEGU,13780,107.3,3.0,52.3,8.7,21.9,0.5,00BE,60.5,77.2,81.1,20.5297532656023,7.2,44.8,41.1,14.6,Southwark,South Bermondsey
18,00AFHA,9824,26.6,3.1,6.2,1.7,12.1,1.3,00AF,48.2,83.0,87.9,18.5260586319218,19.7,15.6,16.0,3.6,Bromley,Shortlands
19,00ANGE,10996,111.6,3.1,36.2,4.6,14.8,0.5,00AN,50.4,76.2,79.4,13.5049108766824,10.3,29.9,43.9,15.6,Hammersmith and Fulham,Fulham Broadway
20,00BBGN,15113,85.5,3.2,13.5,9.7,21.6,0.7,00BB,86.8,80.7,86.6,21.0150201813009,7.4,89.3,61.1,32.7,Newham,Green Sainteet West
21,00BCGC,11516,89.3,3.3,8.2,3.7,12.3,1.1,00BC,67.5,81.4,84.6,18.2354984369573,11.9,26.5,22.1,5.8,Redbridge,Church End
22,00AQGT,11394,85.8,3.4,15.1,6.4,20.9,1.0,00AQ,94.0,75.5,81.4,23.4246094435668,11.0,62.6,46.9,18.3,Harrow,Wealdstone
23,00ANGB,14160,73.1,3.6,34.8,6.7,13.7,0.5,00AN,50.8,74.6,78.2,17.2175141242938,7.8,37.0,42.5,14.8,Hammersmith and Fulham,Askew
24,00AHGT,14607,81.7,3.8,7.6,4.4,12.9,1.2,00AH,79.6,79.6,83.6,19.4632710344355,15.0,31.6,23.1,5.0,Croydon,Purley
25,00BEGN,14136,97.6,3.8,54.2,7.8,19.4,0.4,00BE,48.1,77.5,83.2,17.282116581777,8.5,48.2,42.5,13.6,Southwark,Newington
26,00BKGB,10300,118.2,3.8,20.4,4.4,7.5,0.4,00BK,43.2,91.6,85.1,11.747572815534,9.7,31.1,56.1,23.9,Westminster,Bayswater
27,00BKGW,10575,2100.2,3.9,23.5,3.4,9.6,0.4,00BK,38.1,93.2,99.6,7.91489361702128,10.9,32.4,56.8,24.2,Westminster,West End
28,00BKGT,9369,162.0,4.0,28.2,4.0,9.4,0.5,00BK,40.7,80.7,95.1,10.7161916960188,11.3,24.0,43.9,15.9,Westminster,Warwick
29,00ANGR,13389,79.2,4.2,52.3,10.5,21.5,0.5,00AN,70.6,78.1,85.9,22.6603928598103,9.0,50.6,45.0,14.3,Hammersmith and Fulham,Wormholt and White City
30,00BHGD,14604,69.1,4.3,9.1,7.1,15.7,0.6,00BH,80.5,74.4,80.8,19.0427280197206,7.1,53.2,53.0,21.2,Waltham Forest,Grove Green
31,00BKGN,12563,98.3,4.4,55.4,13.7,22.6,0.4,00BK,83.3,76.8,83.8,21.7702777998886,9.5,52.6,43.3,15.2,Westminster,Queen's Park
32,00BEGM,14129,126.4,4.5,66.9,13.1,23.8,0.4,00BE,80.0,77.0,81.5,23.5685469601529,9.1,62.2,44.3,11.9,Southwark,Livesey
33,00BEGL,15362,140.5,4.5,45.0,7.6,15.7,0.4,00BE,59.7,77.9,81.1,14.1062361671657,6.5,39.1,38.3,10.8,Southwark,Grange
34,00AHGH,18652,219.7,4.5,27.5,8.3,20.2,0.7,00AH,83.8,75.3,83.8,25.7613124597898,7.1,68.6,46.2,16.9,Croydon,Broad Green
35,00BCGB,14257,67.1,4.8,10.0,6.5,18.5,1.0,00BC,90.5,77.9,81.8,24.6685838535456,10.3,56.9,31.6,9.9,Redbridge,Chadwell
36,00APGC,14483,111.6,4.9,28.2,15.3,22.5,0.5,00AP,83.9,75.2,83.0,22.460816129255,8.4,55.9,55.5,23.5,Haringey,Bruce Grove
37,00BHFX,13799,84.6,5.0,28.3,10.5,19.2,0.6,00BH,106.8,77.0,81.3,21.689977534604,7.1,57.0,48.8,18.2,Waltham Forest,Cann Hall
38,00BHGR,13269,81.0,5.3,21.4,9.0,20.4,0.6,00BH,102.7,77.5,80.7,22.413143416987,8.0,51.8,43.6,16.9,Waltham Forest,William Morris
39,00AGGQ,13417,126.3,5.3,33.3,5.6,13.6,0.4,00AG,55.2,73.5,78.4,15.8008496683312,9.6,28.4,34.2,10.4,Camden,Kentish Town
40,00BGGN,14862,146.5,5.4,32.9,9.3,17.1,0.3,00BG,66.9,73.6,83.2,16.3706096083973,5.6,60.2,48.8,24.8,Tower Hamlets,Whitechapel
41,00BEGF,15178,122.6,5.6,43.3,6.4,11.3,0.4,00BE,36.3,88.5,97.5,14.8240874950586,5.2,49.9,45.2,13.3,Southwark,Chaucer
42,00BAGE,8977,52.0,5.7,9.9,1.2,6.4,0.8,00BA,60.0,81.0,91.7,13.8242174445806,13.7,21.7,41.6,11.3,Merton,Hillside
43,00AGGJ,11986,65.2,5.7,7.1,1.9,6.1,0.8,00AG,55.6,80.0,85.6,17.9125646587686,14.0,25.8,48.5,14.6,Camden,Frognal and Fitzjohns
44,00AXGL,10459,30.3,5.8,7.5,1.7,10.7,1.0,00AX,54.2,79.1,81.9,16.7033177167989,13.5,19.0,25.0,7.0,Kingston upon Thames,Surbiton Hill
45,00AWGM,9847,100.2,5.8,4.0,1.5,3.8,0.6,00AW,50.7,94.5,86.6,14.3698588402559,9.4,28.7,63.2,24.9,Kensington and Chelsea,Queen's Gate
46,00BHGN,12879,109.2,5.8,15.4,7.5,15.1,0.7,00BH,60.0,76.8,84.0,16.4220824598183,7.5,47.6,42.6,15.4,Waltham Forest,Leytonstone
47,00ADGU,11135,30.0,5.9,7.0,3.7,21.8,1.4,00AD,56.4,83.2,88.4,22.1463852716659,13.7,17.3,11.6,2.4,Bexley,Saint Michael's
48,00AWFY,10013,97.2,5.9,9.4,2.8,6.3,0.6,00AW,62.2,84.6,87.1,15.4698891441127,11.7,32.6,59.6,26.1,Kensington and Chelsea,Abingdon
49,00BEGY,15565,150.3,6.0,41.5,9.7,17.5,0.5,00BE,87.8,74.5,83.8,19.8393832316094,9.1,50.7,37.7,8.5,Southwark,The Lane
50,00BBGC,15982,109.5,6.1,25.8,9.8,22.4,0.6,00BB,89.0,75.6,82.4,24.9405581278939,7.5,78.1,54.8,26.4,Newham,Boleyn
51,00BGFW,13683,123.6,6.1,46.0,12.8,22.1,0.4,00BG,54.5,73.6,78.6,18.5558722502375,7.0,49.4,38.7,15.0,Tower Hamlets,Bethnal Green North
52,00AJGF,14029,159.6,6.1,11.0,3.4,7.3,0.8,00AJ,49.7,79.7,85.0,14.5484353838477,11.9,30.5,44.3,18.6,Ealing,Ealing Broadway
53,00BKGM,10366,376.3,6.1,9.9,1.3,5.8,0.5,00BK,36.5,84.4,83.9,8.52787960640556,11.7,27.8,58.5,21.8,Westminster,Marylebone High Sainteet
54,00AEGR,14915,141.0,6.9,26.7,13.3,19.7,0.6,00AE,94.6,76.7,83.1,19.5507877975193,9.0,52.3,50.2,21.9,Brent,Kensal Green
55,00AXGA,12373,48.7,7.0,12.5,1.9,9.0,0.9,00AX,77.1,77.2,81.6,21.7004768447426,7.9,21.4,27.5,9.5,Kingston upon Thames,Canbury
56,00BEGC,13174,100.1,7.0,46.6,10.1,15.2,0.5,00BE,73.3,78.8,90.7,19.6599362380446,7.1,53.3,40.6,10.7,Southwark,Brunswick Park
57,00BEGQ,14720,126.2,7.0,59.4,14.4,19.6,0.5,00BE,89.0,75.8,77.8,24.2663043478261,6.2,70.8,47.6,12.3,Southwark,Peckham
58,00AQGH,11138,45.6,7.2,14.8,3.7,23.4,1.2,00AQ,60.4,78.2,85.9,18.737654875202,12.4,73.4,57.1,24.7,Harrow,Kenton East
59,00BKGA,11250,56.8,7.2,9.1,2.4,10.0,0.7,00BK,68.5,81.5,85.1,17.4577777777778,14.0,35.4,56.9,20.4,Westminster,Abbey Road
60,00AGGG,11925,110.4,7.4,40.3,6.2,13.9,0.4,00AG,46.0,77.2,82.5,16.1844863731656,9.1,31.9,35.9,12.6,Camden,Cantelowes
61,00ATGT,11448,117.8,7.4,14.7,2.7,9.9,0.8,00AT,52.2,77.9,83.8,14.9807826694619,12.9,23.2,39.9,12.8,Hounslow,Turnham Green
62,00AGGP,13023,480.3,7.5,42.5,6.0,12.9,0.3,00AG,40.3,75.6,82.8,12.8618597865315,9.4,39.8,45.6,16.3,Camden,Holborn and Covent Garden
63,00BKGE,11760,111.0,7.6,55.8,12.4,28.1,0.3,00BK,54.3,73.4,76.4,23.1632653061224,11.4,61.7,52.7,27.2,Westminster,Church Sainteet
64,00AHGG,16201,68.8,7.7,11.9,8.5,17.9,0.8,00AH,90.1,80.9,84.3,23.0603049194494,9.8,73.5,45.3,12.9,Croydon,Bensham Manor
65,00AQGB,12420,151.9,7.7,11.4,5.3,11.7,0.8,00AQ,63.3,76.4,82.1,16.8276972624799,10.4,58.5,52.7,20.7,Harrow,Greenhill
66,00BCGE,14666,183.3,7.7,10.7,9.1,18.6,0.8,00BC,93.1,76.7,81.2,26.6398472657848,7.4,84.2,55.6,25.1,Redbridge,Clementswood
67,00BFGP,9599,43.5,8.1,11.9,3.5,15.7,0.9,00BF,85.8,77.2,81.7,14.8765496405876,17.5,24.4,29.4,9.7,Sutton,Sutton South
68,00AUGK,12400,93.2,8.1,38.0,6.9,16.5,0.5,00AU,44.6,75.4,82.9,16.2258064516129,9.1,28.1,32.8,10.6,Islington,Saint George's
69,00ARGR,15921,225.4,8.1,13.0,5.0,21.0,0.9,00AR,70.0,76.4,81.0,17.6747691727907,14.0,16.4,16.6,5.6,Havering,Romford Town
70,00AGGM,12364,118.8,8.2,49.2,7.7,18.6,0.4,00AG,65.9,76.7,81.4,19.4920737625364,11.1,37.1,36.3,10.7,Camden,Haverstock
71,00AQGK,12259,83.2,8.3,11.1,6.1,17.1,0.9,00AQ,75.1,78.9,84.3,20.6949995921364,10.6,62.9,51.6,20.2,Harrow,Marlborough
72,00ANGH,11004,75.5,8.5,18.1,2.8,9.7,0.7,00AN,54.5,85.3,84.5,15.0672482733551,8.4,19.3,38.3,10.7,Hammersmith and Fulham,Munster
73,00AWGG,8792,108.6,8.5,16.4,2.2,9.2,0.6,00AW,48.2,98.1,92.3,12.590991810737,14.6,23.5,55.6,24.8,Kensington and Chelsea,Hans Town
74,00BKGJ,13195,172.3,8.6,10.5,3.4,7.1,0.4,00BK,46.5,93.7,88.1,11.5953012504737,8.4,33.7,64.6,32.2,Westminster,Lancaster Gate
75,00ANGC,12216,81.2,8.8,21.9,4.7,9.3,0.5,00AN,43.0,79.2,82.9,12.352652259332,10.2,35.5,52.2,20.4,Hammersmith and Fulham,Avonmore and Brook Green
76,00AGGX,12060,97.6,8.8,22.2,4.6,9.5,0.5,00AG,55.6,77.9,83.0,12.5456053067993,8.4,30.5,43.3,13.9,Camden,West Hampstead
77,00BKGG,12462,155.4,8.9,9.8,2.9,11.1,0.5,00BK,46.0,87.9,91.3,12.7427379232868,9.9,44.7,64.2,34.1,Westminster,Hyde Park
78,00AEGQ,17162,189.6,8.9,44.0,23.4,24.1,0.5,00AE,106.9,71.9,80.6,25.8652837664608,8.0,67.0,52.9,23.0,Brent,Harlesden
79,00AWGR,8187,134.7,9.1,13.1,2.0,7.3,0.7,00AW,48.2,81.2,82.8,14.5840967387321,14.5,19.0,48.7,19.3,Kensington and Chelsea,Saintnley
80,00ADGE,10546,31.7,9.2,4.4,2.7,22.9,1.3,00AD,43.9,80.4,84.9,17.2482457803907,20.9,13.1,10.4,1.6,Bexley,Brampton
81,00AGGE,10892,438.7,9.2,28.6,4.2,7.8,0.2,00AG,22.1,77.2,81.6,7.13367609254499,10.0,40.4,51.2,19.5,Camden,Bloomsbury
82,00AWGK,9537,100.5,9.3,55.8,9.3,19.4,0.5,00AW,67.1,78.9,84.7,20.1740589283842,11.4,42.7,41.6,14.6,Kensington and Chelsea,Notting Barns
83,00AUGB,11490,195.4,9.3,42.3,5.6,15.1,0.4,00AU,29.2,77.6,84.9,12.236727589208,8.2,29.3,38.5,12.6,Islington,Clerkenwell
84,00ANGG,11923,230.4,9.4,39.9,5.5,15.0,0.5,00AN,43.4,74.0,81.9,15.9607481338589,10.1,33.9,40.5,13.4,Hammersmith and Fulham,Hammersmith Broadway
85,00ADGC,10616,25.8,9.5,3.8,2.1,22.4,1.3,00AD,53.3,84.2,84.6,19.6590052750565,17.5,7.3,7.1,1.2,Bexley,Blackfen and Lamorbey
86,00BJGH,14679,63.7,9.5,13.1,2.7,8.9,0.7,00BJ,63.3,75.3,79.2,16.2068260780707,9.5,21.4,27.7,6.7,Wandsworth,Nightingale
87,00BFGT,10200,72.0,9.5,16.4,4.2,18.7,1.1,00BF,53.0,178.0,81.7,18.2058823529412,17.3,21.3,18.5,4.3,Sutton,Wallington South
88,00AEGL,13023,91.6,9.6,21.5,5.3,15.9,0.7,00AE,67.2,80.3,84.7,16.7933655839668,12.1,43.8,47.2,16.2,Brent,Brondesbury Park
89,00AUGL,11553,253.8,9.6,41.5,5.1,15.5,0.4,00AU,47.0,73.6,82.4,13.6674456851034,9.6,25.3,33.1,10.0,Islington,Saint Mary's
90,00AZGS,15618,74.7,9.7,26.5,7.1,16.2,0.7,00AZ,73.5,76.2,80.8,20.6876680752977,9.6,42.5,30.5,7.2,Lewisham,Perry Vale
91,00AEGU,15529,97.9,9.7,19.2,7.3,14.5,0.6,00AE,72.6,78.6,86.0,16.066713890141,8.3,43.4,52.3,21.3,Brent,Mapesbury
92,00ANGP,12175,349.3,9.7,37.9,8.2,13.9,0.4,00AN,52.6,72.7,85.4,14.7926078028747,7.6,40.1,47.2,16.4,Hammersmith and Fulham,Shepherd's Bush Green
93,00ANGL,10813,124.0,9.8,20.6,3.0,9.5,0.8,00AN,61.6,80.3,84.6,18.0430962730047,10.2,17.8,38.2,10.8,Hammersmith and Fulham,Parsons Green and Walham
94,00AWGE,9104,105.6,10.0,22.7,5.1,8.4,0.4,00AW,44.9,82.2,92.6,11.4674868189807,8.8,35.4,61.0,29.6,Kensington and Chelsea,Earl's Court
95,00ATGP,12658,130.4,10.2,18.9,4.6,16.3,0.9,00AT,95.8,76.4,81.5,17.4435139832517,11.2,75.9,62.6,29.4,Hounslow,Hounslow West
96,00AYGE,15032,172.6,10.2,37.4,6.6,13.3,0.4,00AY,37.5,74.8,82.6,12.5598722724854,6.2,40.4,41.7,11.8,Lambeth,Ferndale
97,00BBGR,15470,74.0,10.3,41.7,11.3,23.6,0.5,00BB,96.0,75.3,82.2,23.6005171299289,7.1,73.4,52.1,23.6,Newham,Plaistow North
98,00BFGJ,10641,50.7,10.4,3.6,1.7,18.6,1.4,00BF,52.0,81.6,87.4,18.5508880744291,17.3,15.3,15.7,3.6,Sutton,Nonsuch
99,00AUGJ,12917,88.9,10.4,47.0,6.8,17.4,0.4,00AU,48.5,76.9,81.0,18.2550127738639,7.8,34.5,33.8,10.6,Islington,Mildmay
100,00AUGM,11822,149.9,10.4,40.4,5.9,17.3,0.4,00AU,62.3,76.7,80.1,14.8198274403654,9.8,25.6,32.0,9.5,Islington,Saint Peter's
101,00AUGE,15030,86.8,10.5,33.5,6.0,12.6,0.4,00AU,54.4,75.3,85.1,15.189620758483,6.7,32.1,34.5,12.8,Islington,Highbury West
102,00APGQ,14580,151.9,10.5,39.2,12.7,22.7,0.4,00AP,64.6,72.5,82.8,20.4183813443073,8.2,52.8,55.0,25.8,Haringey,Tottenham Green
103,00AWGB,8377,197.2,10.5,45.2,6.4,13.1,0.4,00AW,53.3,78.0,88.4,14.0981258206995,9.7,34.0,44.4,15.5,Kensington and Chelsea,Colville
104,00BCGS,11865,67.8,10.6,11.8,2.8,14.9,1.0,00BC,68.8,77.9,84.8,15.4150863885377,17.6,30.2,27.2,6.5,Redbridge,Snaresbrook
105,00ANGJ,11589,97.7,10.6,28.6,4.7,11.2,0.4,00AN,42.3,79.1,89.8,12.5722668047286,6.6,34.2,47.9,19.4,Hammersmith and Fulham,North End
106,00BHGJ,13912,110.2,10.6,27.0,11.5,19.0,0.6,00BH,79.1,75.9,81.7,21.0753306497987,8.8,49.9,42.8,17.2,Waltham Forest,Hoe Sainteet
107,00AQGP,11124,44.4,10.7,2.2,3.2,13.7,1.3,00AQ,64.9,82.1,85.0,20.631067961165,13.9,65.5,48.0,17.6,Harrow,Rayners Lane
108,00AXFY,9437,34.1,10.8,17.4,2.4,11.9,1.0,00AX,60.4,78.4,83.9,16.9227508742185,14.9,18.1,24.1,6.9,Kingston upon Thames,Berrylands
109,00AWFZ,8839,291.9,10.8,12.3,1.4,6.6,0.6,00AW,47.3,84.8,90.5,14.0513632763887,13.0,24.4,61.7,26.8,Kensington and Chelsea,Brompton
110,00BBGG,15917,174.4,10.9,15.7,8.4,19.3,0.6,00BB,104.2,75.1,81.7,22.4539800213608,7.1,81.9,61.4,29.1,Newham,East Ham Central
111,00AXGE,9750,36.4,11.0,6.9,1.8,11.7,1.2,00AX,51.4,80.2,85.3,21.2410256410256,13.3,33.4,33.5,11.1,Kingston upon Thames,Coombe Vale
112,00BJGC,15022,49.0,11.0,11.3,2.2,7.9,0.7,00BJ,45.7,80.7,85.1,13.2738649980029,11.0,20.6,39.4,9.3,Wandsworth,East Putney
113,00AQFY,11343,56.1,11.0,3.7,2.8,15.1,1.5,00AQ,81.1,82.1,85.5,21.2465837961739,13.0,58.7,41.6,13.2,Harrow,Belmont
114,00AUFX,12201,150.3,11.0,38.5,5.0,16.3,0.5,00AU,45.1,75.0,79.5,14.8840258995164,9.4,28.9,35.5,10.9,Islington,Barnsbury
115,00ATGL,15169,213.4,11.1,16.9,3.9,12.8,0.7,00AT,81.6,78.5,87.0,18.5312149779155,9.5,70.7,64.5,29.5,Hounslow,Hounslow Central
116,00BJGD,14613,83.7,11.2,15.2,2.4,8.5,0.7,00BJ,46.2,77.2,80.3,12.6736467528913,6.7,22.1,32.5,7.1,Wandsworth,Fairfield
117,00AHHA,16539,95.9,11.2,19.7,11.3,18.7,0.7,00AH,87.1,75.6,82.8,25.0256968377774,9.1,67.1,37.6,9.4,Croydon,Thornton Heath
118,00AEGT,16989,123.3,11.2,45.0,13.3,17.1,0.4,00AE,81.4,76.2,84.2,18.6002707634352,8.6,50.0,48.1,18.4,Brent,Kilburn
119,00BBGU,17768,185.7,11.2,31.8,7.0,13.9,0.4,00BB,49.1,78.5,79.7,15.4547501125619,5.6,59.2,54.9,23.5,Newham,Saintatford and New Town
120,00AEGN,15059,112.1,11.5,19.9,9.1,19.8,0.8,00AE,76.0,85.3,88.1,20.3997609403015,9.7,55.9,56.2,23.8,Brent,Dudden Hill
121,00APGK,13939,247.3,11.5,38.2,12.1,20.8,0.5,00AP,53.0,74.8,84.7,19.0974962335892,8.5,45.2,51.7,25.4,Haringey,Noel Park
122,00BGGB,14480,78.0,11.7,,,,,00BG,80.8,76.3,83.0,26.7334254143646,5.8,70.4,43.5,22.0,Tower Hamlets,Bromley-by-Bow
123,00BJFZ,14751,90.3,11.7,10.9,2.4,7.1,0.7,00BJ,59.5,79.3,84.4,15.687072062911,7.8,19.4,28.5,6.5,Wandsworth,Balham
124,00AZGP,14573,84.4,11.9,21.2,6.3,14.6,0.7,00AZ,78.0,77.1,81.2,19.3096822891649,10.9,33.7,28.9,8.1,Lewisham,Lee Green
125,00AWGL,7659,163.4,11.9,12.7,2.7,6.2,0.5,00AW,40.4,82.1,85.7,13.3176654915785,11.8,22.1,51.2,20.2,Kensington and Chelsea,Pembridge
126,00BAGD,9816,61.0,12.3,3.9,6.0,15.8,0.9,00BA,91.8,82.9,85.6,18.2457212713936,10.9,57.5,54.1,23.1,Merton,Graveney
127,00BBGH,13866,79.7,12.3,17.6,8.9,19.9,0.7,00BB,92.8,71.3,76.9,21.8736477715275,7.9,90.8,60.2,31.5,Newham,East Ham North
128,00AMGD,12212,82.5,12.3,34.0,5.6,14.3,0.5,00AM,60.9,77.1,83.5,18.7111038322961,6.6,34.7,32.0,10.6,Hackney,Clissold
129,00BGGE,15190,85.0,12.4,46.0,8.8,19.5,0.4,00BG,35.2,76.5,86.4,18.8940092165899,6.6,52.6,40.6,16.4,Tower Hamlets,Mile End and Globe Town
130,00BJGG,15358,85.0,12.5,47.0,8.2,17.9,0.4,00BJ,59.1,73.0,81.5,18.9608021877849,8.5,44.5,39.7,11.5,Wandsworth,Latchmere
131,00BGGC,14859,107.4,12.5,57.5,19.5,30.7,0.4,00BG,102.2,74.9,81.8,27.7676828857931,7.0,63.7,39.5,18.6,Tower Hamlets,East India and Lansbury
132,00AMGB,13392,63.2,12.8,33.8,9.9,23.5,0.4,00AM,116.6,74.4,86.7,28.3751493428913,5.4,43.3,36.4,16.4,Hackney,Cazenove
133,00BAFX,10323,82.0,12.8,14.1,2.0,10.1,0.7,00BA,52.6,80.0,81.0,15.7318608931512,8.5,26.6,38.3,12.5,Merton,Abbey
134,00BFGM,10993,179.9,12.9,22.7,5.6,18.6,0.8,00BF,78.5,75.7,80.3,18.7573910670427,11.5,24.1,26.9,99.7,Sutton,Sutton Central
135,00ADGG,11128,44.6,13.1,29.4,6.7,25.1,1.1,00AD,85.7,78.2,80.2,22.1872753414809,14.5,17.7,12.3,2.0,Bexley,Colyers
136,00AZGU,15605,83.7,13.1,34.7,8.0,18.7,0.7,00AZ,71.8,75.4,80.3,20.1666132649792,11.9,41.8,30.2,7.1,Lewisham,Sydenham
137,00AYGA,15842,112.2,13.1,32.2,7.9,13.8,0.5,00AY,44.5,74.8,78.4,15.7050877414468,7.0,41.5,37.4,11.1,Lambeth,Brixton Hill
138,00AYGN,14777,94.4,13.2,45.0,9.2,16.2,0.4,00AY,,,,,,,,,,
139,00AYGM,14550,129.7,13.2,14.0,7.3,12.6,0.6,00AY,69.1,76.2,82.3,17.0378006872852,7.6,38.9,40.4,15.8,Lambeth,Saint Leonard's
140,00AYGC,13795,179.5,13.2,29.7,5.1,10.9,0.5,00AY,37.9,75.5,81.7,14.5922435665096,7.3,29.3,35.2,7.8,Lambeth,Clapham Town
141,00AUGN,13311,87.4,13.3,41.9,7.8,17.3,0.4,00AU,46.2,72.4,80.8,17.7221846593043,8.0,35.8,34.5,12.6,Islington,Tollington
142,00AYGH,14763,90.8,13.3,30.6,9.1,15.9,0.6,00AY,73.7,74.4,79.4,23.2473074578338,9.0,47.7,35.3,11.6,Lambeth,Knight's Hill
143,00AWGC,8933,99.4,13.3,9.1,2.7,3.8,0.5,00AW,49.6,83.5,92.2,12.5153923653868,9.1,24.8,61.4,28.3,Kensington and Chelsea,Courtfield
144,00AMGS,12445,111.6,13.3,32.2,8.3,14.2,0.4,00AM,50.1,74.9,85.9,15.9582161510647,7.0,39.9,36.6,13.0,Hackney,Saintke Newington Central
145,00ACGR,16533,76.1,13.4,7.2,3.3,12.2,0.9,00AC,64.6,79.9,81.6,17.5588217504385,12.5,39.2,44.7,19.0,Barnet,West Finchley
146,00AGGR,12038,135.2,13.4,42.1,8.0,17.4,0.4,00AG,59.4,72.0,78.9,17.311845821565,11.2,40.1,47.9,18.7,Camden,Kilburn
147,00ADGS,10598,41.1,13.5,9.3,3.8,23.3,1.3,00AD,50.0,78.5,82.9,20.6170975655784,15.1,14.5,9.8,1.9,Bexley,Northumberland Heath
148,00AZGF,17156,118.9,13.5,30.1,8.4,11.8,0.5,00AZ,53.0,75.0,80.1,15.2483096292842,6.5,43.1,36.8,10.5,Lewisham,Brockley
149,00AGGU,13818,120.8,13.5,61.2,10.8,22.7,0.3,00AG,75.8,75.5,85.3,19.9594731509625,9.4,49.0,42.4,17.9,Camden,Saint Pancras and Somers Town
150,00AGGS,11843,164.3,13.5,46.1,7.5,12.1,0.2,00AG,34.1,76.9,81.5,14.506459511948,7.2,49.2,50.9,22.4,Camden,King's Cross
151,00AUFY,14639,179.7,13.5,47.3,6.5,15.8,0.3,00AU,44.5,75.5,82.1,13.4503722931894,7.9,34.5,41.9,16.6,Islington,Bunhill
152,00AZGQ,17446,185.1,13.6,27.4,8.2,16.1,0.5,00AZ,67.4,71.4,77.6,18.3308494783905,8.4,51.6,41.2,12.4,Lewisham,Lewisham Central
153,00ACGF,15715,53.5,13.7,4.9,3.4,12.3,1.2,00AC,72.1,82.4,86.3,18.7527839643653,16.5,33.1,40.9,14.5,Barnet,Finchley Church End
154,00AEGZ,15155,85.0,13.7,15.3,4.2,21.4,1.2,00AE,73.2,85.1,85.8,20.0857802705378,12.2,72.9,57.7,24.1,Brent,Queensbury
155,00BBGK,16257,90.8,13.8,28.9,8.7,17.8,0.6,00BB,69.6,74.2,79.8,21.2708371778311,6.9,64.1,50.5,21.0,Newham,Forest Gate North
156,00BCGT,14123,146.7,13.8,8.9,8.8,16.6,0.8,00BC,99.7,75.9,86.4,24.0317213056716,8.7,77.6,50.3,21.0,Redbridge,Valentines
157,00ADGD,10910,36.6,13.9,2.6,2.4,21.5,1.4,00AD,59.0,82.4,85.3,19.5325389550871,17.9,9.5,7.8,1.7,Bexley,Blendon and Penhill
158,00AMGG,12548,136.8,14.1,50.7,11.0,18.4,0.3,00AM,68.7,75.0,80.3,17.5964297099139,7.7,52.7,40.5,12.8,Hackney,Hackney Central
159,00AJGY,13439,147.1,14.1,16.4,8.5,23.8,0.9,00AJ,103.1,81.2,82.4,21.1846119502939,10.5,93.7,64.1,36.0,Ealing,Southall Broadway
160,00APGD,12395,80.9,14.2,10.2,3.4,6.4,0.7,00AP,59.1,78.1,82.3,15.8612343686971,8.9,18.0,29.2,7.6,Haringey,Crouch End
161,00AYGP,14263,81.5,14.2,24.9,6.5,13.5,0.6,00AY,57.1,76.4,79.9,18.3201290051181,8.4,37.9,37.8,12.4,Lambeth,Sainteatham Hill
162,00AMGF,13643,100.9,14.2,39.9,9.4,15.6,0.4,00AM,53.7,77.7,81.5,16.1034962984681,7.0,39.9,37.8,11.7,Hackney,De Beauvoir
163,00AJHA,13474,72.4,14.3,9.8,3.1,9.0,0.8,00AJ,74.3,80.7,86.7,17.3074068576518,10.0,20.8,36.2,10.7,Ealing,Southfield
164,00AQGG,11135,40.5,14.4,7.2,3.7,13.1,1.1,00AQ,73.0,80.0,89.5,20.3682083520431,12.0,56.5,44.2,15.9,Harrow,Headstone South
165,00AUGA,12072,103.9,14.4,47.2,6.8,19.2,0.4,00AU,50.0,74.7,84.1,17.3376408217363,9.7,28.2,29.7,9.1,Islington,Canonbury
166,00AYGD,16784,194.9,14.4,59.1,15.0,17.6,0.4,00AY,63.0,73.1,80.0,21.5622020972355,6.1,62.1,43.7,13.3,Lambeth,Coldharbour
167,00APGH,12659,66.1,14.5,29.5,8.6,13.8,0.6,00AP,57.5,74.7,83.2,18.1293941069595,8.2,31.0,32.2,10.5,Haringey,Hornsey
168,00AGGW,12900,87.0,14.5,16.5,2.9,9.0,0.6,00AG,68.6,81.6,85.0,16.4883720930233,11.6,32.4,51.2,17.8,Camden,Swiss Cottage
169,00BAFZ,10712,92.8,14.5,12.6,3.5,13.3,0.7,00BA,62.9,77.6,83.3,14.1896938013443,8.1,40.1,47.2,16.3,Merton,Colliers Wood
170,00BBGS,16404,125.3,14.5,25.1,10.5,21.8,0.6,00BB,102.3,75.4,83.4,25.1097293343087,6.6,67.3,51.7,21.9,Newham,Plaistow South
171,00ACGH,18818,83.3,14.6,13.3,4.5,16.4,1.0,00AC,98.7,78.3,84.2,27.1867361037305,12.0,34.2,45.8,17.5,Barnet,Golders Green
172,00AQGA,11653,63.9,15.0,10.3,4.3,22.5,1.1,00AQ,91.0,79.6,83.9,20.2866214708659,11.4,65.3,56.5,24.8,Harrow,Edgware
173,00BGGM,13206,195.8,15.0,43.4,11.7,20.6,0.3,00BG,55.1,78.9,82.2,17.3406027563229,7.0,47.9,41.2,16.7,Tower Hamlets,Weavers
174,00ACFZ,20049,107.1,15.1,12.5,6.2,13.7,0.8,00AC,69.0,77.4,82.0,19.1730260860891,12.4,38.9,51.2,23.0,Barnet,Childs Hill
175,00BAGB,9275,79.0,15.2,3.7,1.4,7.8,0.8,00BA,77.3,80.0,90.1,16.4851752021563,9.8,18.1,35.6,7.3,Merton,Dundonald
176,00AGGF,12613,411.2,15.2,30.5,5.4,11.7,0.5,00AG,56.3,79.6,84.4,15.373027828431,11.3,26.4,38.8,12.1,Camden,Camden Town with Primrose Hill
177,00ACGN,15811,59.6,15.3,7.3,3.7,14.7,1.3,00AC,72.5,78.9,84.3,19.1006261463538,16.4,26.7,28.5,8.6,Barnet,Oakleigh
178,00AKGL,14051,61.8,15.3,10.7,6.8,16.7,0.8,00AK,85.4,78.5,83.8,17.2443242473845,10.6,38.6,47.5,23.3,Enfield,Bowes
179,00AWGJ,8675,91.0,15.3,38.5,5.4,14.2,0.6,00AW,73.9,87.0,88.6,17.4755043227666,14.8,25.6,40.7,14.4,Kensington and Chelsea,Norland
180,00BEGE,14941,208.6,15.3,42.8,7.1,12.7,0.4,00BE,26.6,75.0,93.3,10.6887089217589,7.4,38.4,40.0,10.4,Southwark,Cathedrals
181,00AQGQ,12828,53.5,15.4,25.4,5.7,19.2,1.0,00AQ,62.1,75.0,84.5,24.4543186778921,9.8,66.3,48.4,20.9,Harrow,Roxbourne
182,00AKGZ,15162,80.2,15.4,9.0,5.7,20.6,1.0,00AK,64.8,78.9,83.3,18.8431605329112,13.3,35.4,41.4,18.1,Enfield,Palmers Green
183,00ALGQ,12875,76.4,15.5,22.4,3.4,12.1,0.8,00AL,69.3,79.4,83.8,16.2796116504854,15.0,16.9,23.0,5.2,Greenwich,Blackheath Westcombe
184,00BKGK,10633,101.8,15.5,18.5,3.7,11.5,0.6,00BK,70.0,80.2,92.5,17.201166180758,9.8,35.6,52.6,19.9,Westminster,Little Venice
185,00AMGQ,13670,149.1,15.6,50.1,12.2,18.8,0.4,00AM,69.8,75.9,82.6,17.542062911485,8.2,44.7,38.3,11.8,Hackney,Queensbridge
186,00BAGP,9798,117.0,15.7,11.9,2.8,9.2,0.8,00BA,93.8,80.6,83.9,16.9320269442743,8.2,22.2,36.1,9.8,Merton,Trinity
187,00ATGH,12288,78.6,15.8,19.5,4.6,17.3,1.1,00AT,80.8,77.2,83.2,20.8414713541667,10.9,76.6,54.7,23.9,Hounslow,Heston Central
188,00AGGK,11264,79.1,15.9,45.9,6.3,17.8,0.5,00AG,53.7,74.9,82.5,19.6022727272727,12.2,30.1,34.9,10.4,Camden,Gospel Oak
189,00AUGC,14358,182.9,15.9,43.4,9.6,20.6,0.3,00AU,46.8,74.2,78.8,18.4148210057111,8.5,42.9,41.6,17.5,Islington,Finsbury Park
190,00AHGY,14296,39.6,16.0,18.5,4.7,19.1,1.2,00AH,71.4,83.0,85.4,20.6281477336318,16.7,30.9,19.7,3.9,Croydon,Shirley
191,00AKHE,14906,54.5,16.0,6.1,3.8,17.4,1.2,00AK,61.6,79.9,83.8,20.1730846638937,14.9,18.0,17.1,4.4,Enfield,Town
192,00ABGM,9867,88.6,16.0,37.4,9.5,32.1,0.8,00AB,101.1,72.6,78.0,25.6916996047431,12.1,31.5,23.3,7.1,Barking and Dagenham,Valence
193,00AHGS,16476,77.4,16.1,13.8,6.6,16.2,1.0,00AH,73.7,81.5,82.8,21.0184510803593,13.4,62.3,43.6,13.0,Croydon,Norbury
194,00AFGK,15560,51.4,16.3,12.6,3.7,15.2,1.0,00AF,77.7,78.8,84.7,19.7879177377892,11.5,20.6,17.3,3.9,Bromley,Clock House
195,00AJGZ,14579,102.7,16.3,13.6,10.9,23.6,0.9,00AJ,111.7,75.9,87.1,22.3266341998765,8.2,91.4,63.3,36.7,Ealing,Southall Green
196,00ANGM,10785,107.6,16.3,23.2,3.4,9.9,0.6,00AN,47.0,78.3,86.2,17.6263328697265,11.4,26.7,37.3,11.6,Hammersmith and Fulham,Ravenscourt Park
197,00AEHA,16903,119.9,16.3,62.3,13.7,25.9,0.6,00AE,72.6,75.1,87.9,28.1902620836538,8.7,76.5,48.8,17.2,Brent,Saintnebridge
198,00ACGK,18472,81.9,16.4,12.1,4.7,13.5,1.0,00AC,88.4,80.1,85.3,20.0844521437852,11.9,36.3,48.2,20.3,Barnet,Hendon
199,00ABGP,10575,90.7,16.4,12.3,6.9,24.0,1.0,00AB,84.0,81.0,84.1,23.6501182033097,11.6,44.0,29.2,8.4,Barking and Dagenham,Whalebone
200,00AUFZ,13896,116.7,16.4,44.7,6.3,21.0,0.4,00AU,49.2,75.5,81.9,15.2489925158319,9.0,34.7,37.3,14.4,Islington,Caledonian
201,00AYGU,15771,95.8,16.6,43.2,11.0,14.7,0.5,00AY,63.2,77.4,81.4,21.0259336757339,6.6,52.6,38.6,11.3,Lambeth,Tulse Hill
202,00AUGH,12025,99.9,16.6,43.3,6.9,16.8,0.4,00AU,40.0,77.0,83.3,15.3929313929314,10.7,30.6,34.7,11.5,Islington,Junction
203,00AZGR,15756,144.9,16.6,40.5,10.0,17.9,0.5,00AZ,74.9,73.7,78.2,20.1891342980452,5.9,59.7,46.6,15.3,Lewisham,New Cross
204,00ARGU,13194,52.7,16.7,8.8,3.9,20.0,1.3,00AR,63.0,81.6,89.5,17.7656510535092,16.3,11.5,9.4,1.3,Havering,Squirrel's Heath
205,00BJGB,15448,68.0,16.7,21.7,3.1,11.9,0.7,00BJ,68.1,76.1,84.2,14.9598653547385,6.7,27.7,33.4,8.2,Wandsworth,Earlsfield
206,00BCGM,13672,80.2,16.8,7.6,7.0,20.5,1.2,00BC,111.4,78.1,82.9,24.2612638970158,11.6,73.3,41.1,13.5,Redbridge,Mayfield
207,00AYGW,14143,100.4,16.8,53.2,11.0,16.0,0.4,00AY,47.1,74.3,82.1,18.0159796365693,7.2,52.7,40.0,12.1,Lambeth,Vassall
208,00AUGG,14983,79.4,16.9,46.5,6.2,18.8,0.4,00AU,35.0,72.8,81.1,15.5776546752987,8.2,36.1,39.6,14.9,Islington,Holloway
209,00BGFX,14166,128.5,16.9,44.9,10.9,21.4,0.3,00BG,51.0,77.1,87.3,19.709162784131,5.3,64.3,45.5,23.1,Tower Hamlets,Bethnal Green South
210,00AEGS,12133,59.7,17.0,5.6,2.6,17.3,1.4,00AE,57.9,83.7,86.2,16.7229868952444,17.2,70.0,53.9,19.6,Brent,Kenton
211,00BJGP,16256,72.3,17.0,14.7,2.8,10.1,0.7,00BJ,70.0,78.9,89.8,18.503937007874,7.7,24.4,34.8,9.0,Wandsworth,Southfields
212,00AHGK,13449,41.2,17.1,4.6,2.7,15.1,1.5,00AH,58.7,80.0,82.8,20.1055840582943,15.3,25.2,16.9,2.4,Croydon,Coulsdon West
213,00AFGL,15392,69.5,17.1,9.2,3.1,12.1,1.0,00AF,61.5,77.4,82.4,13.1691787941788,16.8,17.4,20.3,4.6,Bromley,Copers Cope
214,00ABGE,11267,82.9,17.1,37.3,9.6,30.0,0.8,00AB,97.4,79.3,81.4,26.5643028312772,10.0,33.3,26.8,7.7,Barking and Dagenham,Goresbrook
215,00AMGE,14727,198.0,17.1,38.9,12.0,15.9,0.4,00AM,57.2,80.9,79.8,16.4595640660012,6.2,44.5,40.8,14.0,Hackney,Dalston
216,00ADGF,10965,110.8,17.3,3.9,3.3,21.0,1.2,00AD,61.9,77.8,80.9,18.1030551755586,18.3,13.4,11.5,2.3,Bexley,Christchurch
217,00ABGJ,9839,79.2,17.5,36.4,9.5,31.8,0.8,00AB,94.1,76.8,81.8,26.2221770505133,11.2,30.9,23.3,6.6,Barking and Dagenham,Parsloes
218,00AHGZ,16518,100.5,17.5,20.7,9.6,15.9,0.7,00AH,75.6,75.6,84.4,21.2979779634338,9.9,52.3,32.1,8.2,Croydon,South Norwood
219,00AJGX,14873,106.8,17.5,33.9,7.3,16.2,0.7,00AJ,62.9,76.4,79.8,20.4531701741411,11.1,43.5,50.5,23.4,Ealing,South Acton
220,00AHGM,16569,261.1,17.5,15.5,4.2,12.3,0.6,00AH,74.2,79.2,80.9,17.5870601726115,11.7,48.7,42.3,13.7,Croydon,Fairfield
221,00AKHG,17374,125.1,17.6,29.8,11.7,28.3,0.8,00AK,88.4,75.4,76.7,25.8432139979279,9.2,58.0,48.4,22.7,Enfield,Upper Edmonton
222,00BHGQ,11444,145.1,17.6,17.9,8.1,26.1,1.1,00BH,75.2,77.5,80.9,21.1464522894093,13.4,38.4,25.6,7.9,Waltham Forest,Valley
223,00ASGK,11658,43.1,17.7,7.3,2.4,17.2,1.4,00AS,59.2,80.6,84.0,20.6210327671985,15.7,19.7,16.7,3.7,Hillingdon,Cavendish
224,00AEGJ,14017,103.1,17.7,12.1,4.5,22.1,0.9,00AE,87.6,76.7,87.0,19.0054933295284,9.5,81.8,66.8,32.3,Brent,Alperton
225,00AHHD,17489,112.2,17.7,15.7,7.9,17.9,0.8,00AH,81.5,77.6,82.5,25.050031448339,9.5,76.5,46.5,15.1,Croydon,West Thornton
226,00ATGN,11409,54.8,17.9,5.1,2.9,15.7,1.3,00AT,60.7,83.6,88.7,19.3110098176718,12.5,45.1,38.7,13.2,Hounslow,Hounslow South
227,00AQGJ,11173,57.1,17.9,3.0,3.0,17.9,1.4,00AQ,64.8,82.0,86.6,17.9092455025508,14.3,72.6,51.3,20.4,Harrow,Kenton West
228,00ASGS,11442,56.0,18.0,4.1,2.0,17.0,1.3,00AS,53.6,80.0,83.1,20.2412165705296,15.7,16.0,16.2,3.6,Hillingdon,Manor
229,00BFGR,10163,56.2,18.0,14.7,4.1,22.2,1.1,00BF,63.8,77.5,83.9,,,,,,Sutton,The Wrythe
230,00AGGH,11740,80.4,18.0,16.7,5.0,9.2,0.6,00AG,52.6,80.7,84.8,15.0425894378194,9.7,29.0,43.4,16.1,Camden,Fortune Green
231,00AFGG,16826,155.7,18.0,10.0,3.3,13.1,1.0,00AF,73.4,78.0,81.1,19.3510043979555,13.9,18.5,19.9,4.9,Bromley,Bromley Town
232,00ABGC,11624,87.6,18.1,37.4,10.2,28.9,0.8,00AB,90.9,79.9,85.2,26.9184445973847,9.5,41.7,32.2,11.9,Barking and Dagenham,Eastbury
233,00AUGF,11794,69.3,18.3,45.3,7.6,17.9,0.5,00AU,56.8,74.9,80.6,19.2470747837884,9.0,33.7,32.9,10.4,Islington,Hillrise
234,00AYGR,14906,81.4,18.3,20.8,6.2,13.9,0.6,00AY,68.6,75.4,77.7,19.3277874681336,8.3,43.1,41.2,14.2,Lambeth,Sainteatham Wells
235,00BCGL,16544,108.0,18.3,22.8,10.7,20.1,0.7,00BC,,,,,,,,,,
236,00AHGW,18087,140.2,18.3,27.1,9.9,18.9,0.6,00AH,77.3,73.9,78.9,24.5535467462819,8.7,65.6,40.1,11.5,Croydon,Selhurst
237,00AQGR,11663,64.1,18.4,9.5,5.2,17.3,1.2,00AQ,69.2,81.6,82.6,22.8414644602589,11.0,66.3,48.4,19.8,Harrow,Roxeth
238,00BHGB,10730,55.0,18.5,14.7,4.8,23.5,1.3,00BH,54.9,80.4,84.4,18.6113699906803,16.9,22.4,17.5,3.8,Waltham Forest,Endlebury
239,00BJGE,15504,54.0,18.8,16.8,6.5,15.5,0.7,00BJ,74.2,77.2,81.4,22.0459236326109,9.8,43.1,36.7,12.9,Wandsworth,Furzedown
240,00ARGS,13334,82.0,18.8,11.3,3.7,26.2,1.2,00AR,65.7,77.1,79.1,16.4016799160042,20.9,7.2,7.7,1.6,Havering,Saint Andrew's
241,00BAGJ,9485,69.5,18.9,3.9,2.5,11.5,1.0,00BA,57.1,84.5,88.5,19.5044807590933,14.6,29.2,35.5,10.1,Merton,Merton Park
242,00BFGE,10048,30.5,19.0,10.0,3.0,13.7,1.2,00BF,65.5,78.6,82.1,17.7945859872611,16.4,22.2,22.1,4.8,Sutton,Belmont
243,00BAGF,10273,68.0,19.0,20.4,5.7,18.1,0.8,00BA,76.2,80.8,80.9,20.3056556020637,7.3,46.8,46.1,19.6,Merton,Lavender Fields
244,00AHGL,15790,73.3,19.1,8.3,4.4,12.0,1.0,00AH,77.8,78.9,83.3,18.2457251424953,12.0,31.3,24.3,6.5,Croydon,Croham
245,00AEGX,15474,86.3,19.1,12.6,4.9,17.5,1.0,00AE,100.4,80.1,86.2,20.4278143983456,12.4,70.0,57.3,22.8,Brent,Preston
246,00AEGY,15281,115.0,19.1,19.9,6.9,13.3,0.7,00AE,76.3,80.4,87.9,17.983116288201,8.6,37.0,41.9,14.4,Brent,Queens Park
247,00AMGJ,13904,382.1,19.1,44.1,10.4,16.1,0.3,00AM,39.8,73.8,84.1,15.9882048331415,5.7,45.6,45.9,17.4,Hackney,Haggerston
248,00BKGU,12759,99.0,19.2,48.5,10.0,22.4,0.4,00BK,69.0,73.8,78.0,21.8198918410534,9.5,52.8,51.5,24.1,Westminster,Westbourne
249,00ACGT,17575,92.8,19.3,11.5,4.5,15.7,1.0,00AC,57.8,78.6,81.1,18.7482219061166,13.6,37.6,41.0,16.2,Barnet,Woodhouse
250,00AJGP,13897,64.1,19.4,7.3,6.1,19.8,1.3,00AJ,91.3,78.2,81.9,20.1986040152551,11.0,83.5,55.9,25.2,Ealing,Lady Margaret
251,00AHHB,16082,85.7,19.5,20.6,7.7,16.6,0.9,00AH,82.2,78.1,82.8,20.9924138788708,11.0,51.3,33.9,9.0,Croydon,Upper Norwood
252,00AJGH,18706,144.3,19.6,22.1,7.8,15.0,0.7,00AJ,62.3,80.1,85.6,19.2505078584411,8.2,50.1,54.4,22.4,Ealing,East Acton
253,00ABFX,12786,172.5,19.6,26.7,8.7,16.4,0.5,00AB,103.7,82.9,87.2,24.4407946191147,5.0,71.9,57.3,25.7,Barking and Dagenham,Abbey
254,00AQGU,10373,45.4,19.7,9.6,3.7,13.4,1.1,00AQ,60.8,81.4,82.6,20.3027089559433,13.0,55.8,42.9,14.4,Harrow,West Harrow
255,00AYGT,13641,103.6,19.7,27.1,5.9,12.7,0.7,00AY,61.1,76.8,84.0,21.0615057547101,8.8,36.3,30.3,8.7,Lambeth,Thurlow Park
256,00AEHC,15105,132.9,19.7,12.0,4.7,19.4,0.9,00AE,99.6,80.5,86.6,18.417742469381,11.3,76.3,62.9,26.6,Brent,Tokyngton
257,00BFGS,10650,60.0,19.9,12.9,3.3,16.4,1.1,00BF,77.5,78.9,81.3,19.9154929577465,12.5,19.6,16.6,4.4,Sutton,Wallington North
258,00BCGD,13241,66.7,19.9,4.9,3.6,17.0,1.4,00BC,63.8,84.0,85.4,21.9016690582282,14.3,71.0,38.8,10.9,Redbridge,Clayhall
259,00ALGS,13062,60.0,20.0,23.5,4.9,25.4,1.1,00AL,75.2,79.0,83.6,18.6112387077017,16.9,18.3,15.6,3.6,Greenwich,Coldharbour and New Eltham
260,00BEGW,12629,72.6,20.0,37.9,6.8,12.4,0.6,00BE,56.9,76.4,84.6,19.6848523240162,7.1,44.1,35.8,7.7,Southwark,South Camberwell
261,00APGM,14638,91.5,20.0,23.6,11.3,20.4,0.5,00AP,76.2,73.6,81.8,18.2470282825523,8.5,45.7,54.7,25.9,Haringey,Saint Ann's
262,00AYGJ,17243,113.7,20.0,41.4,7.3,13.9,0.4,00AY,38.8,74.0,79.2,16.6560343327727,6.2,43.3,42.2,13.0,Lambeth,Larkhall
263,00BEGP,13620,98.5,20.1,47.4,11.3,21.1,0.5,00BE,70.4,71.2,77.3,19.6182085168869,8.9,55.5,39.0,9.1,Southwark,Nunhead
264,00AJHB,13330,100.1,20.1,12.0,3.6,10.2,0.8,00AJ,66.8,79.0,85.5,17.9594898724681,10.5,27.1,38.0,14.1,Ealing,Walpole
265,00AEHE,14727,156.3,20.1,15.6,6.0,20.7,0.8,00AE,88.1,76.8,88.2,18.2114483601548,9.7,86.0,68.5,32.9,Brent,Wembley Central
266,00ACFY,18217,67.8,20.2,35.5,6.9,23.6,0.8,00AC,94.3,74.7,82.1,24.5814349234232,9.3,53.5,47.1,19.3,Barnet,Burnt Oak
267,00ABGD,12452,135.2,20.3,54.0,12.2,25.5,0.5,00AB,130.2,73.4,83.6,31.4969482814006,6.1,60.4,48.2,18.7,Barking and Dagenham,Gascoigne
268,00BJGU,14742,51.6,20.5,22.9,3.8,14.5,0.8,00BJ,50.4,75.6,79.9,17.7994844661511,13.3,22.9,34.4,9.5,Wandsworth,West Putney
269,00AMGC,13232,134.3,20.5,51.0,14.1,21.1,0.4,00AM,63.2,72.5,81.4,21.9543530834341,6.9,54.4,41.3,14.4,Hackney,Chatham
270,00AKHD,13787,65.9,20.6,12.0,4.3,16.3,1.1,00AK,57.8,78.2,85.2,18.1112642344237,15.3,33.2,36.2,14.0,Enfield,Southgate Green
271,00AZGH,14937,70.7,20.7,16.8,5.9,15.3,0.7,00AZ,84.4,78.5,86.4,19.5353819374707,9.1,39.6,30.1,7.0,Lewisham,Crofton Park
272,00AYGL,14262,142.1,20.7,47.1,8.9,16.3,0.4,00AY,65.9,74.5,81.5,16.8980507642687,9.3,43.4,38.5,12.4,Lambeth,Prince's
273,00ACGA,17098,68.8,20.8,34.3,4.8,18.0,0.8,00AC,68.6,76.4,84.6,22.2306702538309,8.4,59.9,52.7,23.2,Barnet,Colindale
274,00ABGK,10923,92.8,20.8,25.7,8.6,29.9,0.8,00AB,80.4,73.2,77.9,26.8515975464616,10.1,38.4,30.9,9.6,Barking and Dagenham,River
275,00ANGF,11306,98.4,20.9,31.9,3.8,11.7,0.5,00AN,40.9,82.0,92.7,12.6039271183442,8.5,30.5,43.6,14.0,Hammersmith and Fulham,Fulham Reach
276,00AMGT,13231,109.7,20.9,52.3,12.5,19.5,0.4,00AM,62.9,79.4,86.8,20.6409190537374,7.4,44.2,34.0,10.4,Hackney,Victoria
277,00BGGH,16238,99.2,21.2,54.0,11.7,26.9,0.4,00BG,92.9,71.6,77.3,23.7159748737529,8.5,65.2,39.8,19.8,Tower Hamlets,Saint Dunstan's and Saintpney Green
278,00BDGP,9752,57.0,21.3,9.8,2.8,17.0,1.2,00BD,76.8,79.7,85.8,19.3396226415094,16.3,21.5,23.3,6.7,Richmond upon Thames,Whitton
279,00BCGP,16760,73.4,21.4,10.0,6.5,17.4,1.1,00BC,84.5,78.8,83.8,25.4474940334129,9.1,77.2,47.5,17.6,Redbridge,Newbury
280,00BFGL,10712,52.6,21.5,3.7,2.8,20.5,1.4,00BF,45.6,78.7,85.2,20.5843913368185,14.5,20.9,18.1,5.2,Sutton,Saintnecot
281,00AXGH,9431,34.0,21.6,9.1,2.3,15.7,1.4,00AX,62.6,82.4,85.9,19.8706393807656,15.7,30.8,27.3,8.4,Kingston upon Thames,Old Malden
282,00AZGM,14648,69.9,21.6,26.7,7.1,22.5,0.9,00AZ,66.4,77.2,82.2,20.8287820862916,12.6,37.5,26.9,7.0,Lewisham,Grove Park
283,00AUGD,11634,96.6,21.6,31.1,4.7,13.4,0.5,00AU,64.2,76.7,80.5,17.0190820010315,9.7,23.5,30.9,9.3,Islington,Highbury East
284,00BBGD,14810,125.7,21.7,49.3,14.4,25.7,0.5,00BB,72.4,74.6,75.9,22.9574611748818,7.7,59.2,47.9,18.6,Newham,Canning Town North
285,00AWGQ,9343,85.1,21.9,58.7,9.4,21.5,0.5,00AW,59.5,78.9,82.3,19.0516964572407,11.2,37.6,37.8,13.5,Kensington and Chelsea,Saint Charles
286,00AFGD,15098,45.3,22.1,7.0,2.4,14.5,1.4,00AF,57.7,78.3,81.5,19.2210888859452,19.8,14.5,15.7,2.7,Bromley,Bickley
287,00AQGM,10411,0.9,22.2,6.7,1.9,11.4,1.4,00AQ,61.1,82.7,93.1,21.1603112092979,17.1,40.6,29.4,6.8,Harrow,Pinner South
288,00AHGF,14721,62.7,22.2,21.5,5.4,19.5,1.1,00AH,60.0,78.5,82.3,21.7784117926771,13.2,36.7,22.3,4.8,Croydon,Ashburton
289,00AZGL,14854,78.2,22.2,26.4,7.6,13.9,0.7,00AZ,74.1,76.5,80.4,21.1188905345362,10.0,38.2,31.1,8.2,Lewisham,Forest Hill
290,00AJGG,14019,91.3,22.2,14.6,4.8,10.8,0.9,00AJ,49.6,77.0,86.3,15.2221984449675,11.3,31.5,43.1,15.4,Ealing,Ealing Common
291,00BKGD,9618,107.2,22.2,49.8,6.8,19.1,0.4,00BK,46.0,74.6,81.9,20.1289249324184,12.8,39.4,44.4,17.4,Westminster,Churchill
292,00BFGW,11655,42.3,22.3,6.4,2.4,17.2,1.2,00BF,83.0,81.1,83.7,20.7893607893608,13.4,20.0,21.5,6.1,Sutton,Worcester Park
293,00AYGS,12526,59.9,22.4,39.1,5.9,14.2,0.6,00AY,65.8,79.0,85.2,20.6610250678589,7.9,40.5,37.0,10.1,Lambeth,Thornton
294,00ABFY,10385,93.2,22.4,36.8,10.2,31.2,0.8,00AB,103.7,76.3,80.9,26.4034665382764,10.4,29.9,24.7,7.9,Barking and Dagenham,Alibon
295,00ATGQ,11977,83.3,22.6,34.1,4.9,19.9,0.9,00AT,89.7,74.9,82.9,21.3242047257243,9.8,34.8,33.8,11.7,Hounslow,Isleworth
296,00BHFY,12700,84.2,22.6,38.5,13.2,19.3,0.5,00BH,79.3,74.9,81.6,21.3622047244094,6.8,61.0,50.1,20.0,Waltham Forest,Cathall
297,00AJGL,14349,87.0,22.6,9.7,4.8,17.8,1.1,00AJ,94.4,79.0,84.0,20.9631333193951,11.9,49.0,50.1,21.9,Ealing,Greenford Green
298,00AZGK,16603,95.7,22.6,57.3,10.2,19.1,0.4,00AZ,65.5,76.7,84.0,23.2006263928206,6.0,60.9,44.8,16.0,Lewisham,Evelyn
299,00AXGN,9578,42.7,22.7,7.5,1.9,10.1,1.2,00AX,61.7,82.5,86.4,22.9379828774274,13.6,17.6,23.9,6.1,Kingston upon Thames,Tudor
300,00AHGN,11479,64.7,22.8,60.6,11.0,34.4,0.8,00AH,78.1,75.4,78.6,31.1089816186079,10.1,34.4,19.3,4.1,Croydon,Fieldway
301,00AMGM,14039,84.4,23.0,32.0,11.4,18.5,0.5,00AM,71.9,73.7,78.1,21.091245815229,7.0,52.7,40.7,17.3,Hackney,Leabridge
302,00BAGC,11240,99.0,23.0,27.3,9.1,21.0,0.8,00BA,114.6,75.9,80.2,23.1138790035587,9.3,57.4,44.9,16.3,Merton,Figge's Marsh
303,00APGL,14429,124.1,23.0,48.6,20.8,29.2,0.5,00AP,81.7,73.8,84.0,27.0427611061058,7.9,60.9,53.5,25.5,Haringey,Northumberland Park
304,00BFGQ,10536,39.9,23.1,3.9,2.5,13.5,1.1,00BF,63.2,79.4,82.2,18.0713743356112,13.9,23.0,25.1,7.8,Sutton,Sutton West
305,00BEGS,14390,147.9,23.2,34.3,4.7,13.5,0.5,00BE,50.0,78.0,80.8,12.4461431549687,6.4,31.2,40.5,12.7,Southwark,Riverside
306,00AQGN,11984,55.4,23.3,3.9,3.2,20.8,1.2,00AQ,68.8,77.7,85.2,21.1949265687583,11.6,75.0,57.5,26.2,Harrow,Queensbury
307,00BGGD,15986,84.2,23.4,41.2,11.7,21.9,0.5,00BG,70.3,77.0,79.3,22.2757412736144,6.2,56.8,43.8,19.7,Tower Hamlets,Limehouse
308,00APGN,15968,95.2,23.4,31.8,10.3,24.4,0.5,00AP,90.7,77.6,89.3,27.0415831663327,7.3,41.2,49.1,22.5,Haringey,Seven Sisters
309,00BDGH,11172,55.1,23.5,4.0,1.6,6.6,1.1,00BD,61.7,84.1,94.5,21.8403150733978,9.5,12.3,23.3,4.8,Richmond upon Thames,Saint Margarets and North Twickenham
310,00BBGJ,15575,92.0,23.5,31.1,10.4,24.3,0.7,00BB,100.0,74.9,80.2,27.8523274478331,7.4,67.7,46.6,19.7,Newham,East Ham South
311,00AXGF,10955,366.4,23.6,13.2,2.2,8.5,0.8,00AX,52.9,77.7,88.8,12.8617069831127,9.4,23.2,31.4,11.2,Kingston upon Thames,Grove
312,00AXGK,10483,63.1,23.9,6.7,2.9,6.7,0.9,00AX,54.8,81.4,81.3,11.0750739292187,8.2,21.3,29.1,8.9,Kingston upon Thames,Saint Mark's
313,00ARGH,12262,32.8,24.1,4.4,3.1,25.3,1.3,00AR,45.4,80.6,85.2,16.5878323275159,19.7,7.3,7.3,1.7,Havering,Hacton
314,00AZGT,14916,140.6,24.1,26.9,9.2,18.0,0.6,00AZ,78.2,75.2,80.1,22.0367390721373,9.0,59.1,38.0,10.2,Lewisham,Rushey Green
315,00BEGJ,11557,166.9,24.1,53.9,7.4,20.8,0.4,00BE,58.2,74.5,81.9,18.4996106255949,8.3,51.8,43.8,13.7,Southwark,East Walworth
316,00BGGK,15110,77.9,24.2,42.7,14.8,21.3,0.4,00BG,78.3,81.0,95.2,22.3891462607545,6.3,64.4,45.1,23.2,Tower Hamlets,Shadwell
317,00ACGG,15929,82.1,24.2,4.9,2.0,8.2,7.2,00AC,73.5,82.7,87.3,20.3653713353004,16.3,21.4,36.0,10.9,Barnet,Garden Suburb
318,00AFGN,16769,84.7,24.2,33.5,7.1,28.5,1.1,00AF,68.2,76.6,82.6,23.6269306458346,14.9,13.9,10.9,2.5,Bromley,Cray Valley West
319,00AJGC,15427,100.9,24.2,23.3,6.6,14.3,0.7,00AJ,75.1,81.3,90.7,19.66033577494,9.6,40.0,48.3,21.0,Ealing,Acton Central
320,00BAGM,9738,48.3,24.4,10.7,1.8,9.7,1.0,00BA,82.3,80.0,83.8,19.172314643664,13.7,19.8,33.4,8.7,Merton,Raynes Park
321,00AFGY,13651,37.6,24.6,2.7,2.1,15.2,1.4,00AF,61.4,84.2,88.5,18.342978536371,20.9,9.2,10.6,1.8,Bromley,Petts Wood and Knoll
322,00ALGT,12519,59.9,24.6,17.0,4.1,20.0,1.1,00AL,57.9,77.9,86.0,18.6117102004952,16.6,11.3,13.9,3.4,Greenwich,Eltham North
323,00APGP,11758,69.9,24.6,22.9,5.5,10.1,0.6,00AP,40.0,77.0,89.9,16.2782786188127,6.9,25.9,31.3,9.0,Haringey,Saintoud Green
324,00APGE,12488,71.2,24.6,11.2,3.5,9.2,0.9,00AP,49.2,81.5,87.3,21.2764253683536,11.0,20.1,27.5,8.3,Haringey,Fortis Green
325,00BFGH,10285,45.3,24.7,2.5,1.9,14.6,1.5,00BF,46.3,82.3,83.0,19.8249878463782,19.7,21.2,18.6,3.3,Sutton,Cheam
326,00BCGH,12910,76.8,24.9,14.9,6.1,23.4,1.2,00BC,75.1,78.8,83.2,21.5491866769946,15.6,48.5,29.6,8.0,Redbridge,Fullwell
327,00AYGK,15106,146.2,24.9,34.8,6.0,13.0,0.4,00AY,42.1,77.1,79.8,13.9944392956441,7.2,36.9,42.6,15.0,Lambeth,Oval
328,00ANGN,12760,73.8,25.0,33.9,4.2,12.8,0.6,00AN,48.6,78.2,81.8,17.9153605015674,8.4,30.6,39.0,11.8,Hammersmith and Fulham,Sands End
329,00AKHH,13403,54.1,25.2,6.4,3.9,15.4,1.2,00AK,68.8,78.5,81.5,18.4212489741103,14.9,23.8,27.0,8.1,Enfield,Winchmore Hill
330,00AFGX,17326,97.7,25.2,29.8,7.4,17.0,0.8,00AF,70.5,75.5,80.6,20.8011081611451,9.7,34.6,25.8,6.4,Bromley,Penge and Cator
331,00APGB,13725,92.6,25.3,28.4,8.5,17.3,0.6,00AP,61.9,74.2,81.6,18.6739526411658,9.2,39.8,48.5,21.5,Haringey,Bounds Green
332,00AJGQ,13517,49.0,25.6,6.7,2.6,8.7,0.9,00AJ,63.4,84.2,85.2,18.8281423392765,11.0,23.2,36.2,11.1,Ealing,Northfield
333,00AZGN,14515,90.7,25.6,23.6,6.1,12.8,0.7,00AZ,63.6,74.5,79.2,18.3258697898725,8.9,45.4,35.4,9.4,Lewisham,Ladywell
334,00AYGF,13712,94.3,25.7,,,,,00AY,70.1,77.2,83.0,22.4912485414236,8.1,44.9,30.6,7.7,Lambeth,Gipsy Hill
335,00ADGW,10844,53.1,25.8,6.7,2.0,19.1,1.2,00AD,43.7,76.4,78.8,15.8151973441534,20.0,10.1,10.6,2.2,Bexley,Sidcup
336,00ARGM,12952,61.9,26.0,7.2,3.2,23.7,1.4,00AR,43.1,77.8,84.5,17.6343421865349,16.2,9.7,7.9,1.7,Havering,Hylands
337,00BFGK,11949,75.5,26.0,40.5,7.5,27.3,1.0,00BF,86.2,75.8,81.1,24.1693865595447,10.6,25.5,22.6,8.1,Sutton,Saint Helier
338,00AJGK,17625,113.5,26.2,23.4,7.6,21.9,0.9,00AJ,93.5,77.4,81.2,23.4439716312057,11.0,57.3,48.6,22.2,Ealing,Greenford Broadway
339,00ASHA,13979,123.0,26.2,22.2,3.9,14.1,1.0,00AS,36.6,75.1,81.8,13.2627512697618,9.6,37.9,30.9,10.0,Hillingdon,Uxbridge South
340,00AFGW,15311,77.6,26.3,15.8,4.8,22.3,1.2,00AF,57.0,79.1,84.6,19.1626934883417,21.2,12.6,11.9,2.3,Bromley,Orpington
341,00ADGL,10858,45.3,26.5,12.6,4.6,26.4,1.2,00AD,71.2,79.0,84.0,18.9169276109781,18.0,16.9,13.4,3.2,Bexley,East Wickham
342,00AMGR,12378,64.6,26.5,47.0,10.8,31.7,0.4,00AM,126.5,80.2,84.2,33.1879140410406,6.9,44.9,39.4,18.2,Hackney,Springfield
343,00AXFZ,10109,74.5,26.5,11.5,2.9,15.2,1.0,00AX,66.1,76.8,80.0,20.6647541794441,12.9,32.6,32.4,13.3,Kingston upon Thames,Beverley
344,00AYGQ,14336,69.7,26.6,15.5,7.6,17.0,0.8,00AY,69.3,81.3,84.5,20.6682477678571,10.9,52.5,44.5,15.8,Lambeth,Sainteatham South
345,00BBGQ,15318,83.3,26.6,22.5,10.9,20.7,0.7,00BB,97.6,75.3,79.5,23.5082908995952,7.1,81.5,56.2,27.6,Newham,Manor Park
346,00BBGE,15996,86.2,26.6,36.0,9.2,22.6,0.5,00BB,59.8,74.5,85.9,21.0865216304076,7.1,54.5,47.5,19.9,Newham,Canning Town South
347,00AEGM,13425,94.9,26.6,22.1,8.0,24.4,0.9,00AE,81.2,79.8,87.5,25.0651769087523,11.3,64.3,54.5,22.0,Brent,Dollis Hill
348,00ATGC,12330,105.0,26.6,29.1,6.0,20.2,1.0,00AT,117.4,78.4,86.8,21.3787510137875,10.1,73.9,56.2,26.5,Hounslow,Cranford
349,00BDGK,9987,41.4,26.7,6.6,1.3,6.4,1.1,00BD,74.1,82.5,87.0,18.4740162210874,10.3,9.7,18.8,4.0,Richmond upon Thames,South Twickenham
350,00AJGM,15561,73.2,26.7,4.7,3.3,9.2,1.0,00AJ,71.1,83.2,88.2,18.9705031810295,12.8,43.1,53.1,23.8,Ealing,Hanger Hill
351,00APGU,14514,99.2,26.8,23.2,9.2,20.0,0.6,00AP,59.0,74.0,84.4,19.1883698498002,8.5,43.2,54.2,25.6,Haringey,Woodside
352,00BJGM,16556,89.3,26.9,21.8,4.8,11.4,0.7,00BJ,64.6,72.5,76.2,13.9164049287267,10.4,28.2,38.9,11.3,Wandsworth,Saint Mary's Park
353,00ASGW,14767,97.8,26.9,20.4,6.0,22.0,1.2,00AS,94.4,74.5,86.2,26.3357486286991,8.6,68.2,45.3,18.5,Hillingdon,Pinkwell
354,00BFGN,10355,49.9,27.0,11.1,3.8,21.6,1.1,00BF,60.5,76.9,82.9,20.1352003862868,16.5,21.9,21.1,6.1,Sutton,Sutton North
355,00BDGD,10313,59.0,27.0,21.2,3.8,20.4,1.2,00BD,80.0,80.2,82.3,20.1687190924076,14.8,30.4,26.6,8.7,Richmond upon Thames,Heathfield
356,00BFGF,10039,60.0,27.0,7.0,3.3,15.4,1.2,00BF,60.5,82.9,85.4,19.0656439884451,13.7,13.7,15.0,3.7,Sutton,Carshalton Central
357,00AKGU,16263,72.3,27.0,19.5,11.0,27.2,0.8,00AK,83.4,81.0,83.4,25.4196642685851,9.3,54.3,46.0,22.1,Enfield,Haselbury
358,00AGGT,13528,182.8,27.0,48.0,6.7,17.5,0.4,00AG,53.5,74.8,83.8,15.9151389710231,9.6,44.3,45.2,15.6,Camden,Regent's Park
359,00ATGJ,12319,83.7,27.1,15.7,4.6,16.1,1.2,00AT,83.5,85.6,86.2,20.3831479827908,10.5,77.4,56.5,26.1,Hounslow,Heston East
360,00BHGM,14184,104.6,27.1,34.5,12.5,21.1,0.6,00BH,83.6,79.0,80.7,24.2808798646362,7.4,63.5,48.8,20.8,Waltham Forest,Leyton
361,00AKHC,14454,59.3,27.2,7.4,4.6,16.1,1.1,00AK,67.0,81.1,85.4,18.8390756883908,14.1,31.6,33.2,11.7,Enfield,Southgate
362,00BKGL,10210,76.6,27.2,24.5,4.6,13.2,0.5,00BK,71.6,87.6,88.8,17.8844270323213,9.2,37.6,49.0,15.2,Westminster,Maida Vale
363,00BBGX,15551,78.6,27.2,40.9,10.9,20.9,0.5,00BB,64.1,77.2,80.9,21.5998971127259,7.0,65.5,51.2,22.1,Newham,West Ham
364,00AKGT,12709,70.2,27.4,3.4,3.1,16.1,1.3,00AK,60.0,82.5,86.1,17.6095680226611,18.8,19.6,22.1,6.4,Enfield,Grange
365,00AXGB,8741,49.8,27.5,14.8,2.8,21.9,1.3,00AX,58.9,79.0,87.4,20.6154902185105,14.5,15.0,17.2,5.0,Kingston upon Thames,Chessington North and Hook
366,00AMGK,15174,103.8,27.6,54.3,9.4,17.7,0.3,00AM,47.7,77.9,84.0,15.8626598128377,6.2,46.5,44.8,16.6,Hackney,Hoxton
367,00ASGG,13449,96.8,27.8,19.2,5.8,22.4,1.2,00AS,75.1,75.6,82.5,24.3215108930032,9.6,68.4,45.4,19.0,Hillingdon,Barnhill
368,00APGT,13431,97.8,27.8,48.7,14.4,30.0,0.6,00AP,73.0,74.2,79.0,27.4067455885638,8.4,52.5,44.6,19.2,Haringey,White Hart Lane
369,00AYGB,12852,91.7,27.9,23.7,3.8,8.3,0.7,00AY,43.3,77.8,82.1,15.6084656084656,6.8,24.3,33.5,7.6,Lambeth,Clapham Common
370,00AZGX,14249,95.8,27.9,34.5,8.8,25.9,0.8,00AZ,71.4,77.5,82.7,25.791283598849,11.3,50.5,29.5,6.8,Lewisham,Whitefoot
371,00AWGA,8178,136.8,27.9,7.0,1.5,4.5,0.7,00AW,51.5,82.2,85.0,15.5906089508437,12.5,21.4,52.8,18.3,Kensington and Chelsea,Campden
372,00ACFX,16394,55.9,28.0,9.0,4.0,17.4,1.3,00AC,55.2,83.8,83.2,20.6233988044406,14.4,31.6,30.9,10.2,Barnet,Brunswick Park
373,00AMGP,12551,75.2,28.0,44.5,8.5,29.0,0.4,00AM,128.2,79.9,82.8,28.8821607840013,7.7,39.3,40.2,19.4,Hackney,New River
374,00AXGJ,8969,41.6,28.2,9.3,2.3,15.9,1.3,00AX,74.1,79.1,83.9,19.3444085182295,17.7,41.4,37.3,12.7,Kingston upon Thames,Saint James
375,00BDGB,9387,64.2,28.2,22.5,2.9,17.6,1.2,00BD,47.3,80.7,87.3,19.250026632577,15.7,16.3,20.1,5.4,Richmond upon Thames,Hampton North
376,00ALGZ,14300,72.7,28.2,32.1,6.8,23.7,0.9,00AL,73.2,76.2,84.1,20.3216783216783,11.9,33.6,27.3,7.6,Greenwich,Kidbrooke with Hornfair
377,00AMGA,11091,79.1,28.2,32.0,6.0,14.1,0.4,00AM,41.0,77.9,83.9,14.4351275809215,6.2,38.2,42.7,18.6,Hackney,Brownswood
378,00AWGH,9767,93.2,28.2,11.9,3.1,7.0,0.7,00AW,72.6,90.4,86.1,18.2143954131258,11.0,32.0,56.7,20.9,Kensington and Chelsea,Holland
379,00AWGN,9245,84.8,28.4,10.4,2.6,5.2,0.6,00AW,46.9,81.7,89.1,15.110870740941,10.2,18.8,53.4,21.6,Kensington and Chelsea,Redcliffe
380,00BAGS,11197,54.6,28.5,8.3,2.0,7.8,1.0,00BA,81.1,84.7,86.1,21.2021077074216,8.2,20.4,32.9,8.4,Merton,Wimbledon Park
381,00AQGL,10026,56.7,28.6,14.6,2.8,14.7,1.3,00AQ,62.5,80.7,84.9,18.1129064432476,19.8,38.0,31.7,7.5,Harrow,Pinner
382,00BHGP,13636,105.4,29.0,24.4,11.3,20.8,0.6,00BH,97.6,75.9,78.0,23.166617776474,7.8,58.2,45.8,19.0,Waltham Forest,Markhouse
383,00APGR,15064,133.3,29.0,39.2,11.8,24.7,0.5,00AP,69.1,75.7,78.3,23.6457780138078,7.8,57.4,53.5,22.3,Haringey,Tottenham Hale
384,00AWGD,7964,89.4,29.2,43.4,4.8,15.4,0.5,00AW,51.8,83.2,89.7,15.5826217980914,15.3,32.5,44.4,17.2,Kensington and Chelsea,Cremorne
385,00AKHB,14506,103.3,29.3,24.0,8.1,24.6,0.9,00AK,87.5,79.6,81.3,24.9827657521026,9.5,36.2,30.2,12.0,Enfield,Southbury
386,00AMGU,11734,95.9,29.5,53.8,12.2,22.8,0.5,00AM,53.4,74.9,82.7,22.3197545594,7.9,51.6,35.1,10.9,Hackney,Wick
387,00AKGM,13923,53.7,29.6,5.2,4.1,20.4,1.3,00AK,61.1,79.6,84.0,18.0205415499533,17.2,26.8,25.7,7.7,Enfield,Bush Hill Park
388,00BCGN,10422,56.3,29.9,4.4,1.9,15.0,1.4,00BC,53.7,80.9,82.5,16.9737094607561,20.7,21.1,18.8,3.8,Redbridge,Monkhams
389,00ADGQ,10442,40.7,30.0,13.2,2.8,20.9,1.2,00AD,52.5,79.6,81.3,16.2995594713656,21.7,9.4,9.9,2.1,Bexley,Longlands
390,00BKGS,9988,92.5,30.0,34.5,4.3,11.7,0.4,00BK,39.0,80.3,90.4,14.4873848618342,12.6,29.3,44.6,17.0,Westminster,Vincent Square
391,00BCGR,15164,96.4,30.0,8.2,8.0,18.4,1.0,00BC,82.3,78.0,79.7,24.2152466367713,9.2,76.7,47.6,19.3,Redbridge,Seven Kings
392,00BEGK,12839,108.6,30.0,68.4,10.3,21.8,0.4,00BE,65.5,78.3,83.5,23.2416854895241,7.0,60.7,45.9,14.6,Southwark,Faraday
393,00AZGJ,14567,90.4,30.1,40.9,9.9,30.2,0.7,00AZ,66.7,74.3,81.8,24.7065284547264,12.7,41.7,24.8,6.2,Lewisham,Downham
394,00ABGG,11478,91.9,30.3,13.1,5.6,22.7,1.1,00AB,98.4,76.5,82.4,22.9656734622757,11.6,57.4,33.3,11.9,Barking and Dagenham,Longbridge
395,00BGFZ,14781,113.1,30.3,42.8,10.5,21.4,0.4,00BG,64.2,71.3,80.8,17.4616061159597,7.4,39.9,30.9,10.9,Tower Hamlets,Bow East
396,00ALGW,10399,61.6,30.5,44.1,6.2,30.8,0.9,00AL,47.9,74.2,81.7,21.9924992787768,12.3,24.6,21.3,6.4,Greenwich,Eltham West
397,00AKHF,14377,74.6,30.5,26.3,9.5,30.2,1.0,00AK,74.1,76.2,81.4,25.5129721082284,11.5,37.9,31.0,14.1,Enfield,Turkey Sainteet
398,00BCGJ,13069,93.8,30.6,8.5,8.4,18.1,1.0,00BC,103.0,79.9,83.2,24.0875353890887,8.0,75.2,46.3,18.5,Redbridge,Goodmayes
399,00BBGF,13411,136.0,30.6,41.4,9.5,25.3,0.7,00BB,91.8,73.7,77.4,24.0548803221236,6.6,53.5,46.9,19.6,Newham,Custom House
400,00BKGQ,10828,1658.0,30.7,28.0,6.1,10.7,0.4,00BK,37.2,80.4,86.4,8.7827853712597,11.0,28.8,49.0,20.0,Westminster,Saint James's
401,00ASGY,14106,147.8,30.8,30.1,7.9,24.7,1.0,00AS,94.6,74.8,79.4,23.1958032043102,9.8,62.9,44.7,18.1,Hillingdon,Townfield
402,00BBGB,15141,121.2,30.9,36.5,6.5,19.2,0.7,00BB,55.1,81.9,82.6,21.9932633247474,4.8,54.2,49.7,23.5,Newham,Beckton
403,00AQGE,10693,50.8,31.1,8.5,2.4,15.4,1.4,00AQ,55.3,82.0,84.3,18.6851211072664,19.8,43.3,33.0,9.1,Harrow,Hatch End
404,00ARGF,11977,46.7,31.2,3.9,2.5,23.1,1.6,00AR,52.2,78.7,81.3,16.3062536528346,21.3,17.7,11.4,1.7,Havering,Emerson Park
405,00APGJ,10784,81.0,31.2,9.4,3.0,8.3,0.9,00AP,56.3,77.4,81.5,17.8783382789318,12.1,16.2,26.1,7.0,Haringey,Muswell Hill
406,00AHGR,10801,87.4,31.2,42.2,7.9,34.8,1.0,00AH,72.7,74.4,80.5,25.8031663734839,12.7,23.7,13.9,3.0,Croydon,New Addington
407,00BHFZ,14086,95.7,31.2,15.7,8.2,18.7,0.9,00BH,103.4,75.8,86.7,24.116143688769,8.0,48.5,36.9,14.1,Waltham Forest,Chapel End
408,00BHGK,11337,85.8,31.4,17.4,6.6,26.2,1.1,00BH,71.4,77.5,83.6,19.978830378407,15.3,31.2,21.8,6.3,Waltham Forest,Larkswood
409,00ASGP,12199,308.0,31.4,14.8,3.7,19.2,1.1,00AS,86.9,75.8,82.8,20.8213788015411,9.4,50.0,43.2,17.1,Hillingdon,Heathrow Villages
410,00ALGR,14385,66.2,31.6,41.1,7.4,20.8,0.7,00AL,89.3,74.1,79.9,21.8143899895725,10.7,36.2,31.0,9.4,Greenwich,Charlton
411,00AEGK,15772,83.4,31.6,26.6,6.7,18.1,1.0,00AE,79.0,79.6,82.7,20.8787725082425,12.3,69.7,56.5,22.9,Brent,Barnhill
412,00AYFZ,9675,311.9,31.6,41.8,6.9,14.5,0.4,00AY,38.2,78.0,84.0,11.4521963824289,8.7,42.0,43.0,13.7,Lambeth,Bishop's
413,00BJGT,16402,43.9,31.9,23.6,4.7,14.3,0.8,00BJ,56.1,75.8,78.3,18.8452627728326,9.5,31.7,43.5,13.5,Wandsworth,West Hill
414,00AEGW,12811,68.6,32.0,16.2,3.1,13.4,1.3,00AE,39.4,80.7,81.6,16.6887830770432,13.2,68.8,53.3,19.8,Brent,Northwick Park
415,00ASHB,14370,81.8,32.0,26.4,5.3,24.3,1.1,00AS,77.9,75.3,81.9,22.7557411273486,11.5,33.5,27.6,9.2,Hillingdon,West Drayton
416,00ACGS,17402,120.5,32.0,16.8,5.0,17.8,0.9,00AC,85.8,78.2,84.3,19.8080680381565,11.4,50.6,53.6,24.7,Barnet,West Hendon
417,00ARGN,12915,59.9,32.1,11.4,5.0,29.6,1.2,00AR,65.3,80.2,89.2,19.4192799070848,18.1,11.5,9.3,2.5,Havering,Mawneys
418,00ASGH,15034,111.0,32.2,25.2,7.6,24.0,1.1,00AS,94.5,75.6,82.0,24.9634162564853,9.1,60.2,42.7,17.9,Hillingdon,Botwell
419,00BAGR,9862,57.7,32.3,5.2,2.4,13.9,1.1,00BA,82.0,82.9,82.4,20.4421009937132,13.4,30.0,33.7,9.3,Merton,West Barnes
420,00BKGR,8158,51.1,32.4,29.3,2.7,12.5,0.4,00BK,33.3,82.2,83.1,10.7501838685952,15.4,21.8,41.1,15.1,Westminster,Tachbrook
421,00ARGP,12955,55.9,32.4,5.4,3.2,25.7,1.4,00AR,59.6,81.0,83.9,17.0204554226168,20.8,8.7,7.4,1.7,Havering,Pettits
422,00AFHB,14884,40.8,32.6,4.4,2.2,15.2,1.4,00AF,52.2,80.9,84.7,19.8535339962376,19.7,10.6,9.7,1.3,Bromley,West Wickham
423,00ALGX,18171,65.6,32.6,41.4,10.5,21.4,0.6,00AL,91.0,73.2,77.4,22.8606020582246,7.1,55.0,42.2,13.8,Greenwich,Glyndon
424,00AHHC,17077,93.8,32.6,25.5,6.8,19.1,0.8,00AH,74.1,74.8,80.1,22.2755753352462,11.0,44.6,30.1,8.9,Croydon,Waddon
425,00BDFY,10131,38.8,32.7,8.0,1.9,10.8,1.1,00BD,69.6,78.4,80.7,21.133155660843,12.5,9.9,16.7,4.0,Richmond upon Thames,Fulwell and Hampton Hill
426,00AXGM,9833,61.4,33.1,10.7,2.7,18.4,1.2,00AX,74.0,80.3,89.7,20.4617105664599,12.9,27.2,26.1,8.0,Kingston upon Thames,Tolworth and Hook Rise
427,00ADGB,11890,67.6,33.2,16.1,6.1,23.7,1.0,00AD,78.6,77.9,82.5,22.3549201009251,12.7,28.4,20.4,5.1,Bexley,Belvedere
428,00AKGQ,17949,147.7,33.2,43.1,19.6,30.5,0.6,00AK,124.1,74.8,79.6,27.9737032703772,8.4,60.6,46.8,21.4,Enfield,Edmonton Green
429,00ASGU,11578,59.7,33.3,15.5,2.6,16.6,1.3,00AS,76.7,78.9,86.0,18.863361547763,17.5,33.3,27.9,7.1,Hillingdon,Northwood Hills
430,00AHHE,16743,78.6,33.3,19.8,8.4,17.1,0.8,00AH,75.4,79.3,80.6,24.3863106970077,7.9,55.1,28.4,6.3,Croydon,Woodside
431,00ASHD,13586,100.8,33.3,21.8,6.0,19.8,1.1,00AS,105.9,78.4,82.4,25.813337258943,7.6,64.1,42.7,17.4,Hillingdon,Yeading
432,00ASGM,12142,52.5,33.4,7.2,2.0,13.6,1.5,00AS,54.3,80.5,87.4,17.7812551474222,20.0,20.2,17.5,3.7,Hillingdon,Eastcote and East Ruislip
433,00BCGF,12780,81.7,33.4,5.3,5.1,17.6,1.2,00BC,83.3,77.5,83.0,20.5242566510172,12.9,75.4,44.5,15.1,Redbridge,Cranbrook
434,00BGGF,13354,113.9,33.4,52.9,14.8,23.3,0.4,00BG,74.3,73.4,78.7,23.8954620338475,5.7,66.0,43.5,20.0,Tower Hamlets,Mile End East
435,00AMGN,12280,61.9,33.6,37.0,7.1,24.2,0.5,00AM,111.6,75.1,84.8,27.4511400651466,8.4,30.5,31.4,13.1,Hackney,Lordship
436,00BJGR,16239,97.0,33.7,18.0,5.7,14.4,0.6,00BJ,57.3,76.0,79.7,17.9075066198658,9.0,52.7,45.4,15.2,Wandsworth,Tooting
437,00ALHB,14051,167.4,33.7,30.6,4.1,15.0,0.6,00AL,68.2,74.6,85.1,16.9240623443171,8.3,30.6,33.0,10.4,Greenwich,Peninsula
438,00BEGZ,12402,83.3,33.8,15.5,2.8,9.4,1.0,00BE,65.5,77.9,81.6,23.7381067569747,10.9,20.1,22.0,3.5,Southwark,Village
439,00AMGH,12921,90.8,33.8,43.1,11.6,19.3,0.4,00AM,67.4,74.9,83.3,18.8839873074839,7.2,51.7,39.5,15.5,Hackney,Hackney Downs
440,00BBGW,14846,63.7,33.9,17.7,8.4,19.6,0.7,00BB,89.0,78.6,80.3,25.239121648929,6.5,82.2,59.8,29.7,Newham,Wall End
441,00BJGJ,14940,112.9,34.0,13.6,2.3,6.7,0.8,00BJ,72.9,80.1,81.1,19.0361445783133,6.0,14.9,28.9,5.7,Wandsworth,Northcote
442,00BEGT,13743,107.2,34.1,45.6,5.8,17.5,0.5,00BE,54.8,76.3,79.2,17.2378665502438,7.4,40.9,43.4,15.2,Southwark,Rotherhithe
443,00AEHD,13753,85.3,34.2,19.2,7.7,22.6,0.9,00AE,85.0,81.2,88.5,21.3480695121064,11.4,61.3,55.0,22.9,Brent,Welsh Harp
444,00AJGJ,14539,103.8,34.2,20.2,5.9,15.1,0.8,00AJ,71.4,74.8,85.5,19.6987413164592,9.7,34.9,40.6,16.9,Ealing,Elthorne
445,00BAGH,9090,36.5,34.3,4.1,3.1,20.9,1.3,00BA,67.7,80.1,86.6,19.1859185918592,15.2,21.9,22.1,5.9,Merton,Lower Morden
446,00BHGS,13368,89.4,34.4,30.9,9.8,20.8,0.7,00BH,102.1,75.3,83.2,23.3019150209455,9.2,50.4,38.7,14.4,Waltham Forest,Wood Sainteet
447,00AJGS,15183,95.4,34.4,24.2,7.8,21.5,0.9,00AJ,91.7,77.6,85.0,23.5065533820721,10.7,51.7,44.1,19.5,Ealing,Northolt Mandeville
448,00AXGG,10107,71.6,34.5,31.2,4.9,17.7,0.8,00AX,67.4,76.2,78.2,18.7691698822598,9.1,31.0,34.1,13.6,Kingston upon Thames,Norbiton
449,00BJGQ,14842,104.9,34.5,7.5,1.3,6.3,0.8,00BJ,63.7,81.4,82.9,15.1731572564344,8.8,12.3,31.4,5.8,Wandsworth,Thamesfield
450,00ASGZ,12048,106.1,34.5,12.7,2.9,16.8,1.3,00AS,63.1,77.2,83.0,17.886786188579,15.9,30.2,23.4,5.9,Hillingdon,Uxbridge North
451,00AEHB,14950,82.5,34.6,15.0,6.1,18.1,0.9,00AE,115.0,80.5,84.8,20.6622073578595,10.5,77.3,62.2,28.4,Brent,Sudbury
452,00AZGE,14039,106.9,34.6,28.8,4.7,13.2,0.7,00AZ,56.8,77.4,82.4,18.3845003205357,10.9,30.2,29.3,7.4,Lewisham,Blackheath
453,00AWGF,8937,129.0,34.6,67.8,12.1,22.5,0.4,00AW,51.9,85.8,86.0,18.6639812017456,10.2,52.1,46.1,16.9,Kensington and Chelsea,Golborne
454,00AJGD,14558,52.3,34.8,21.5,5.6,13.1,0.9,00AJ,59.1,76.8,85.9,21.7062783349361,11.9,36.9,39.6,15.1,Ealing,Cleveland
455,00ACGC,16137,59.0,34.9,9.8,4.3,17.1,1.2,00AC,65.8,80.5,84.5,20.7225630538514,13.7,23.4,23.4,7.2,Barnet,East Barnet
456,00ALHG,19120,137.4,34.9,50.0,10.4,19.9,0.5,00AL,84.4,73.8,80.2,23.6297071129707,6.2,49.0,39.4,13.3,Greenwich,Woolwich Riverside
457,00BGGG,23084,86.5,35.0,20.6,5.1,11.4,0.5,00BG,58.1,83.6,95.0,15.5605614278288,3.5,47.6,52.1,23.4,Tower Hamlets,Millwall
458,00ATGB,11543,72.1,35.2,18.5,2.9,9.2,1.0,00AT,76.7,85.4,82.2,18.7559559906437,11.8,19.1,30.3,8.9,Hounslow,Chiswick Riverside
459,00BCGQ,12044,69.1,35.7,15.9,5.0,15.9,1.1,00BC,68.0,80.3,83.8,22.7499169711059,10.3,37.2,28.2,8.7,Redbridge,Roding
460,00ADGA,10418,41.8,35.8,10.7,3.5,23.1,1.3,00AD,61.0,78.6,85.8,18.9671722019581,18.2,9.8,8.0,1.3,Bexley,Barnehurst
461,00BCGA,11658,62.8,36.0,13.8,4.5,19.9,1.1,00BC,50.0,79.4,83.6,20.0291645222165,13.4,28.1,21.6,6.7,Redbridge,Bridge
462,00AJGN,14229,65.4,36.1,25.2,5.6,18.2,0.9,00AJ,77.7,77.5,86.0,22.6017288635884,11.3,37.7,40.7,17.2,Ealing,Hobbayne
463,00ADGK,10864,59.1,36.3,8.9,3.3,23.0,1.2,00AD,53.6,79.8,84.3,18.5014727540501,17.5,16.2,13.2,3.1,Bexley,Danson Park
464,00ATGD,11563,110.8,36.4,22.3,4.6,26.1,1.1,00AT,84.3,73.5,77.3,19.9688662111909,13.6,38.9,35.7,14.1,Hounslow,Feltham North
465,00BAGG,10024,58.1,36.6,10.6,6.0,19.1,1.0,00BA,74.1,78.2,84.0,21.6380686352753,10.8,58.2,42.0,14.5,Merton,Longthornton
466,00AEHF,15587,127.5,36.8,26.8,8.9,18.5,0.5,00AE,54.4,78.2,88.1,19.1634054019375,7.6,52.7,56.3,25.9,Brent,Willesden Green
467,00ADGP,11346,57.2,36.9,21.0,5.3,23.8,1.1,00AD,75.5,79.6,84.3,20.9236735413362,15.6,31.0,23.3,5.0,Bexley,Lesnes Abbey
468,00ALHA,13505,72.5,37.0,37.3,7.9,25.5,0.9,00AL,75.3,76.8,84.7,21.9326175490559,14.2,24.0,22.3,5.6,Greenwich,Middle Park and Sutcliffe
469,00BGGJ,12411,100.6,37.0,20.3,4.3,12.3,0.6,00BG,61.0,76.1,79.1,13.6652969140279,6.1,37.6,41.5,15.9,Tower Hamlets,Saint Katherine's and Wapping
470,00BHGF,11058,77.2,37.7,24.7,7.0,26.2,1.1,00BH,73.8,78.6,82.9,20.2930005425936,16.1,22.2,16.5,4.4,Waltham Forest,Hatch Lane
471,00ACGD,15989,69.4,37.8,22.2,4.2,14.1,0.8,00AC,67.8,79.3,84.9,18.869222590531,13.0,28.2,34.4,10.4,Barnet,East Finchley
472,00BDGM,10396,75.8,37.8,6.2,1.5,6.2,0.9,00BD,73.8,78.4,81.0,17.1315890727203,12.4,10.3,26.8,7.2,Richmond upon Thames,Twickenham Riverside
473,00BAGL,9968,75.9,37.8,25.1,6.8,23.7,0.9,00BA,93.2,78.0,81.4,21.2479935794543,13.5,38.9,36.0,13.1,Merton,Ravensbury
474,00AYGG,15107,133.6,37.9,31.8,8.5,12.2,0.5,00AY,67.3,74.3,82.8,18.3689680280665,7.2,39.6,35.3,10.8,Lambeth,Herne Hill
475,00APGS,13372,94.7,38.2,36.0,12.0,23.9,0.5,00AP,65.0,75.6,86.2,19.7427460364942,9.5,47.8,54.6,25.9,Haringey,West Green
476,00AJGW,15339,89.0,38.3,8.5,5.0,17.4,1.1,00AJ,88.3,82.6,87.0,20.1251711324076,11.0,54.6,55.4,26.7,Ealing,Perivale
477,00ABGF,10786,109.4,38.4,45.3,12.2,32.1,0.7,00AB,83.4,75.1,79.3,26.274800667532,12.7,32.3,24.1,6.2,Barking and Dagenham,Heath
478,00BJGK,16331,83.2,38.5,30.7,4.6,11.9,0.5,00BJ,42.0,76.9,84.6,14.1877411058723,7.8,35.7,42.4,15.4,Wandsworth,Queenstown
479,00BFGD,10667,61.1,39.1,35.9,6.2,21.0,1.3,00BF,59.6,76.9,83.7,22.0399362519921,13.9,28.8,20.1,4.2,Sutton,Beddington South
480,00ATGK,12438,126.4,39.1,33.7,7.0,21.8,1.1,00AT,87.3,79.7,82.5,22.969930857051,10.3,76.2,51.1,23.9,Hounslow,Heston West
481,00AEGP,13445,78.7,39.3,13.9,5.1,20.3,1.1,00AE,94.0,82.2,90.2,20.8627742655262,11.8,62.7,55.9,21.9,Brent,Fryent
482,00ALHF,17499,105.3,39.4,50.0,13.4,21.8,0.6,00AL,100.5,73.9,85.4,26.9101091490942,5.9,57.6,41.8,13.6,Greenwich,Woolwich Common
483,00AHGQ,14966,39.8,39.6,11.4,4.0,14.6,1.3,00AH,76.0,78.0,80.7,20.7603902178271,14.9,23.2,17.9,3.0,Croydon,Kenley
484,00AKGS,16469,70.7,39.6,22.7,11.0,26.5,0.9,00AK,91.1,76.4,79.1,27.2876313073046,8.2,45.1,33.8,14.0,Enfield,Enfield Lock
485,00BHGL,15671,127.3,40.1,18.4,11.9,23.0,0.6,00BH,107.0,73.2,77.7,23.8912641184353,8.4,64.8,50.4,21.2,Waltham Forest,Lea Bridge
486,00ACGB,17250,85.4,40.3,13.4,4.9,15.0,1.0,00AC,72.5,76.7,81.1,19.7101449275362,10.3,35.0,36.1,13.6,Barnet,Coppetts
487,00BEGX,13435,85.7,40.3,23.9,3.7,11.8,0.6,00BE,57.5,85.5,82.9,12.1697059918124,5.7,30.9,42.7,15.4,Southwark,Surrey Docks
488,00BHGC,12609,118.8,40.4,13.6,7.4,19.3,0.8,00BH,99.6,77.9,80.7,19.3591878816718,9.3,58.7,45.7,18.4,Waltham Forest,Forest
489,00AFGZ,15122,59.5,40.5,17.4,4.7,18.6,1.0,00AF,68.7,77.8,81.2,19.6270334611824,14.8,19.3,16.9,3.9,Bromley,Plaistow and Sundridge
490,00BFGU,11630,69.2,40.5,33.6,6.6,23.7,1.0,00BF,79.3,77.3,84.6,24.067067927773,9.0,24.8,19.8,5.7,Sutton,Wandle Valley
491,00ASGJ,13841,90.4,40.5,22.0,3.3,17.6,1.1,00AS,47.2,78.2,83.4,15.5263348023987,11.1,38.2,29.3,9.8,Hillingdon,Brunel
492,00AKGY,16531,71.9,40.6,27.4,11.5,28.5,0.7,00AK,111.2,75.7,79.8,27.4514548424173,9.2,58.9,46.1,19.5,Enfield,Lower Edmonton
493,00AKGR,16027,87.8,40.6,24.4,9.6,30.1,1.0,00AK,70.6,78.1,86.2,26.2556935171897,10.3,42.2,34.3,14.5,Enfield,Enfield Highway
494,00ALHC,16736,98.1,41.0,27.3,11.0,21.6,0.7,00AL,106.6,74.0,83.3,23.3568355640535,8.6,55.4,41.7,14.6,Greenwich,Plumstead
495,00ASHE,12979,117.7,41.3,27.3,5.5,23.7,1.0,00AS,72.0,74.9,81.1,22.3437861160336,9.3,33.8,27.7,10.0,Hillingdon,Yiewsley
496,00BHGE,11355,74.8,41.4,18.8,6.8,20.0,1.1,00BH,75.5,80.2,84.3,22.7300748568912,11.4,33.1,21.8,5.9,Waltham Forest,Hale End and Highams Park
497,00ATGE,15541,92.2,41.4,27.2,4.5,20.5,1.0,00AT,93.6,77.1,82.7,24.9919567595393,6.3,35.5,32.3,14.2,Hounslow,Feltham West
498,00ATGG,11408,99.1,41.4,21.3,3.8,23.4,1.1,00AT,72.7,77.7,82.4,20.4680925666199,12.0,30.8,28.5,10.9,Hounslow,Hanworth Park
499,00BAGN,10414,66.5,41.6,31.0,6.2,23.7,0.9,00BA,98.3,78.6,81.6,21.5959285577108,13.3,35.0,33.0,11.7,Merton,Saint Helier
500,00BDGF,10919,60.3,41.7,16.0,2.3,9.8,0.9,00BD,96.8,77.8,85.5,19.7911896693836,12.0,11.7,25.6,5.2,Richmond upon Thames,Mortlake and Barnes Common
501,00AXGD,10357,56.8,42.1,11.6,2.3,10.7,1.3,00AX,43.9,80.4,83.0,18.8181905957324,14.4,35.5,40.6,13.9,Kingston upon Thames,Coombe Hill
502,00BGFY,19461,90.0,42.2,28.6,6.7,14.6,0.5,00BG,75.1,77.4,83.4,17.804840450131,4.7,50.4,48.6,21.9,Tower Hamlets,Blackwall and Cubitt Town
503,00ATGA,11346,103.6,42.2,16.4,2.3,9.3,0.9,00AT,52.3,78.7,83.6,18.3324519654504,11.3,18.8,34.0,9.8,Hounslow,Chiswick Homefields
504,00APGG,11632,77.9,42.4,11.1,3.3,6.4,0.8,00AP,50.0,79.5,85.4,15.3627922971114,11.7,18.9,31.5,8.2,Haringey,Highgate
505,00ATGS,13554,94.2,42.5,27.4,4.1,16.4,0.9,00AT,80.3,73.0,79.4,19.1382617677438,9.5,34.2,36.7,13.5,Hounslow,Syon
506,00BAFY,9249,40.6,42.7,5.5,2.9,17.0,1.2,00BA,66.9,79.7,83.6,17.7316466645043,15.8,25.4,29.6,7.7,Merton,Cannon Hill
507,00ADGH,11226,61.3,42.7,21.8,4.7,25.3,1.1,00AD,64.2,77.4,87.5,21.6907179761268,14.6,11.7,10.0,1.9,Bexley,Crayford
508,00ATFZ,14353,84.3,42.9,37.7,3.9,17.2,0.8,00AT,62.7,76.7,85.7,17.9126315056086,9.9,33.9,38.3,15.0,Hounslow,Brentford
509,00BGGA,12939,145.3,43.0,39.0,8.8,20.3,0.5,00BG,60.3,74.0,80.9,19.2596027513718,7.8,40.7,32.0,11.3,Tower Hamlets,Bow West
510,00AWGP,7252,120.0,43.1,13.6,1.8,9.0,0.8,00AW,52.3,80.5,89.6,12.8516271373414,20.1,15.4,44.8,16.7,Kensington and Chelsea,Royal Hospital
511,00AQGC,12270,65.0,43.4,13.8,3.4,13.3,1.0,00AQ,78.4,81.2,84.2,20.8149959250204,11.7,52.6,44.2,15.1,Harrow,Harrow on the Hill
512,00AXFX,9246,49.2,43.5,4.9,2.1,15.8,1.4,00AX,55.1,80.8,84.4,20.8630759247242,14.8,29.8,27.2,8.2,Kingston upon Thames,Alexandra
513,00AFGT,15892,79.6,43.6,8.6,3.1,17.1,1.3,00AF,46.1,82.0,85.0,20.2554744525547,17.5,16.0,13.6,2.5,Bromley,Kelsey and Eden Park
514,00ACGQ,15915,64.4,43.7,25.7,5.4,21.6,1.1,00AC,48.9,78.2,82.6,20.5717876217405,16.2,27.3,25.4,6.9,Barnet,Underhill
515,00BEGG,11812,92.9,43.7,27.2,5.8,13.6,0.8,00BE,69.5,75.8,81.6,20.4029800203183,11.7,36.6,30.7,5.3,Southwark,College
516,00ANGD,9175,133.2,43.8,55.9,7.9,23.0,0.4,00AN,46.5,74.4,83.1,20.3596730245232,8.7,50.0,45.7,19.5,Hammersmith and Fulham,College Park and Old Oak
517,00ALGP,15704,82.9,43.9,38.9,9.0,25.3,0.7,00AL,105.3,74.3,81.1,26.8530310748854,9.6,46.3,32.0,7.6,Greenwich,Abbey Wood
518,00AFGU,9987,91.1,44.4,31.9,7.3,26.0,1.0,00AF,70.0,76.6,81.2,22.4091318714329,14.0,18.4,15.1,3.6,Bromley,Mottingham and Chislehurst North
519,00ABGL,10728,143.8,44.4,44.4,9.2,24.1,0.7,00AB,115.1,79.2,84.2,30.27591349739,6.9,54.9,37.2,11.2,Barking and Dagenham,Thames
520,00AKHA,15664,93.0,44.5,25.6,13.7,26.9,0.8,00AK,61.6,77.6,80.8,25.9001532175689,9.1,54.6,43.5,19.0,Enfield,Ponders End
521,00ADGM,12053,86.0,44.6,20.2,6.6,23.6,1.0,00AD,106.7,78.3,82.8,23.6372687297768,11.7,31.4,23.1,5.6,Bexley,Erith
522,00ASGL,12622,69.4,44.9,9.7,4.2,21.6,1.3,00AS,83.5,81.6,86.0,22.8014577721439,12.5,43.9,30.1,9.7,Hillingdon,Charville
523,00ARGC,14957,76.8,44.9,17.4,5.0,24.9,1.0,00AR,67.1,73.8,77.7,21.0670589021863,13.5,22.3,17.4,4.4,Havering,Brooklands
524,00ARGT,13544,87.6,45.0,19.8,7.3,31.4,1.2,00AR,63.2,76.9,81.8,21.0351447135263,16.6,16.4,11.8,2.5,Havering,South Hornchurch
525,00ARGL,12570,72.6,45.3,37.1,8.8,35.8,1.0,00AR,61.6,76.7,81.0,21.9252187748608,16.8,16.3,13.0,2.5,Havering,Heaton
526,00ATGF,12155,84.9,45.3,38.6,6.7,26.4,1.0,00AT,85.0,77.5,87.1,24.2040312628548,11.0,32.4,28.9,11.3,Hounslow,Hanworth
527,00APGF,13272,108.9,45.4,13.9,9.3,14.0,0.5,00AP,64.0,78.4,81.8,14.7679324894515,7.5,34.5,49.2,24.3,Haringey,Harringay
528,00BDGN,10528,48.8,45.6,11.5,2.1,13.4,1.1,00BD,88.4,79.2,83.4,21.7895136778116,11.7,16.0,21.1,4.4,Richmond upon Thames,West Twickenham
529,00BEGR,13518,62.3,45.7,25.3,5.8,13.8,0.7,00BE,75.6,75.6,81.2,20.2914632342062,8.0,35.8,28.8,5.9,Southwark,Peckham Rye
530,00AQGS,11229,62.5,45.8,15.0,3.2,19.7,1.4,00AQ,67.4,80.2,81.1,17.3479383738534,22.4,43.3,34.5,8.8,Harrow,Saintnmore Park
531,00ABGH,10342,83.4,45.8,38.6,9.6,32.1,0.8,00AB,104.5,76.6,82.2,27.1030748404564,10.8,31.2,25.0,8.2,Barking and Dagenham,Mayesbrook
532,00AZGD,14775,103.1,46.7,44.0,9.5,25.4,0.7,00AZ,76.6,75.2,79.1,25.1573604060914,10.2,51.3,29.6,6.2,Lewisham,Bellingham
533,00ADGT,10491,41.7,46.8,4.1,2.1,18.9,1.4,00AD,61.2,80.7,92.6,18.139357544562,21.0,8.4,8.1,1.1,Bexley,Saint Mary's
534,00AJGE,13910,80.6,47.3,28.4,8.9,23.5,1.0,00AJ,76.8,77.0,82.3,22.3939611790079,11.6,82.1,56.0,29.1,Ealing,Dormers Wells
535,00BDGJ,10820,123.3,47.3,13.9,2.0,7.1,0.9,00BD,55.2,78.7,83.6,16.5526802218115,14.0,13.1,33.0,8.5,Richmond upon Thames,South Richmond
536,00AJGU,14032,124.6,47.6,34.7,10.1,21.8,1.1,00AJ,70.7,78.2,79.9,20.6242873432155,10.7,78.0,50.7,25.6,Ealing,Norwood Green
537,00BJGA,14575,62.2,47.9,16.1,2.9,9.1,0.7,00BJ,51.1,78.2,82.6,14.6415094339623,7.5,27.6,30.3,8.3,Wandsworth,Bedford
538,00ACGL,15307,81.9,47.9,7.7,2.9,13.1,1.2,00AC,56.5,78.2,82.3,18.4556085451101,16.5,18.3,22.1,6.3,Barnet,High Barnet
539,00ABGN,10787,102.3,48.0,39.9,11.9,30.3,0.8,00AB,99.1,76.0,80.9,24.9559655140447,11.3,34.8,26.0,7.5,Barking and Dagenham,Village
540,00ASGQ,12906,74.9,48.1,14.8,4.5,19.3,1.3,00AS,83.7,77.6,83.5,23.1132806446614,11.9,34.4,23.3,6.4,Hillingdon,Hillingdon East
541,00BJGS,15247,60.6,48.2,12.6,2.1,11.0,1.0,00BJ,72.8,76.7,79.6,18.6922017446055,8.1,17.8,25.7,4.5,Wandsworth,Wandsworth Common
542,00BCGG,12630,91.7,48.2,9.7,5.2,21.2,1.2,00BC,89.8,80.2,81.1,20.8471892319873,13.1,34.9,25.1,8.2,Redbridge,Fairlop
543,00AHGU,12777,39.8,48.6,6.7,2.9,15.1,1.5,00AH,55.7,82.5,84.2,19.5585818267199,18.5,19.5,13.7,1.7,Croydon,Sanderstead
544,00BBGP,16633,85.2,48.6,30.1,12.0,23.2,0.6,00BB,107.8,71.2,78.9,27.782119882162,6.7,82.0,54.5,27.3,Newham,Little Ilford
545,00ATGM,14727,97.3,48.7,20.0,6.0,15.7,0.9,00AT,97.2,76.0,87.6,23.114008284104,7.8,72.6,58.0,27.7,Hounslow,Hounslow Heath
546,00ACGJ,17437,57.6,48.8,13.6,4.1,17.8,1.2,00AC,90.5,81.2,83.8,23.1060388828354,13.4,40.6,35.7,11.7,Barnet,Hale
547,00ALGY,16527,127.7,49.0,35.7,5.4,12.8,0.6,00AL,64.3,75.6,82.1,17.4320808374176,7.7,33.3,34.8,9.7,Greenwich,Greenwich West
548,00AFGP,12255,111.5,49.3,33.2,8.2,16.9,0.6,00AF,70.6,75.5,82.0,19.2166462668299,7.8,38.1,30.3,8.3,Bromley,Crystal Palace
549,00AQGF,10093,38.6,49.5,4.0,2.5,12.9,1.4,00AQ,47.6,81.3,85.4,18.1809174675518,16.4,52.6,37.0,9.1,Harrow,Headstone North
550,00ASHC,10611,67.0,49.5,11.0,2.0,16.3,1.3,00AS,55.8,80.4,85.3,17.8588257468665,16.8,18.0,18.4,3.9,Hillingdon,West Ruislip
551,00AFGR,14632,38.8,49.7,8.8,2.2,18.1,1.3,00AF,53.1,79.6,86.6,18.630399125205,23.0,9.5,10.0,1.4,Bromley,Farnborough and Crofton
552,00BDGC,10221,55.8,50.0,15.1,1.8,10.0,1.1,00BD,60.9,79.7,84.4,20.4383132765874,13.3,11.4,20.3,4.5,Richmond upon Thames,Hampton Wick
553,00BAGA,11474,93.2,50.0,36.9,10.1,24.5,0.7,00BA,120.0,78.5,87.0,23.3135785253617,10.8,47.5,39.5,14.5,Merton,Cricket Green
554,00ABGB,10506,72.4,51.1,20.0,8.8,29.9,1.1,00AB,65.9,76.6,79.0,21.2450028555111,14.7,24.8,19.0,4.5,Barking and Dagenham,Eastbrook
555,00APGA,11795,101.8,52.3,9.0,3.4,8.0,1.0,00AP,65.8,79.2,83.5,21.6108520559559,9.9,20.5,26.8,8.5,Haringey,Alexandra
556,00ATFY,12701,94.5,52.5,26.9,5.1,24.0,1.1,00AT,83.9,77.3,80.9,22.2344697267932,11.2,35.7,31.0,12.5,Hounslow,Bedfont
557,00BAGK,10287,73.5,52.8,24.1,8.4,21.7,1.0,00BA,81.0,80.2,85.2,24.1178186060076,10.5,56.4,35.9,9.4,Merton,Pollards Hill
558,00BFGC,10309,67.1,53.0,9.0,3.8,19.8,1.3,00BF,69.2,79.3,83.0,20.6906586477835,13.3,23.5,16.6,3.8,Sutton,Beddington North
559,00AJGR,14713,69.6,53.3,8.3,3.8,16.9,1.2,00AJ,87.7,79.8,87.4,20.288180520628,11.4,56.4,51.4,22.1,Ealing,North Greenford
560,00ACGE,16728,93.7,54.0,15.8,4.2,17.0,1.2,00AC,76.4,80.1,83.6,23.3201817312291,13.8,39.2,37.4,12.1,Barnet,Edgware
561,00BDGG,10649,72.6,54.1,16.9,2.1,10.2,0.9,00BD,76.4,83.8,86.1,18.6590290168091,13.1,15.7,28.3,6.8,Richmond upon Thames,North Richmond
562,00ATGR,13031,93.3,54.2,6.9,3.3,10.8,1.2,00AT,86.3,80.0,84.7,18.1797252705088,12.0,54.4,46.0,15.7,Hounslow,Osterley and Spring Grove
563,00AGGL,11270,111.0,54.2,13.4,1.6,6.1,0.7,00AG,57.5,82.7,86.6,17.4977817213842,15.9,20.0,40.9,10.4,Camden,Hampstead Town
564,00BDFW,10299,61.4,54.4,17.9,2.1,9.1,1.0,00BD,64.0,82.3,84.8,20.4000388387222,14.7,14.3,32.2,8.3,Richmond upon Thames,Barnes
565,00ALGU,12541,94.6,54.6,22.4,5.5,21.5,1.0,00AL,61.9,77.4,85.8,16.2586715572921,15.7,16.8,17.5,4.6,Greenwich,Eltham South
566,00ANGK,7483,82.6,54.7,14.2,1.8,9.9,0.9,00AN,40.0,80.9,89.0,18.3348924228251,14.7,15.0,34.1,8.2,Hammersmith and Fulham,Palace Riverside
567,00BHGA,10287,72.7,54.9,15.4,4.9,24.2,1.1,00BH,60.6,77.7,84.4,17.663069894041,21.8,14.7,13.1,3.0,Waltham Forest,Chingford Green
568,00AHGX,11719,39.6,55.2,2.0,2.7,15.2,1.5,00AH,51.8,84.5,89.4,16.0679238842905,18.9,19.7,15.7,2.2,Croydon,Selsdon and Ballards
569,00ALHE,19730,94.5,55.5,38.0,9.3,18.7,0.7,00AL,122.5,74.3,77.5,28.6467308667005,4.7,57.6,41.8,12.1,Greenwich,Thamesmead Moorings
570,00ASGR,10387,43.5,55.7,4.4,1.6,14.6,1.6,00AS,57.1,81.9,85.4,18.638682969096,19.9,21.8,15.9,2.8,Hillingdon,Ickenham
571,00ARGE,12466,50.6,55.7,15.1,5.0,29.6,1.1,00AR,63.2,76.9,84.5,17.9207444248356,19.4,13.7,10.9,2.1,Havering,Elm Park
572,00ARGD,12528,34.7,55.9,4.8,2.7,22.2,1.3,00AR,47.0,80.8,84.5,17.2333971902937,23.5,5.6,6.0,1.1,Havering,Cranham
573,00AQGD,11376,65.5,56.3,15.9,4.7,19.4,1.3,00AQ,65.1,80.6,85.7,19.7433192686357,17.1,48.3,36.7,10.5,Harrow,Harrow Weald
574,00AJGT,15121,116.4,56.3,34.5,9.4,25.1,0.9,00AJ,102.2,78.6,86.0,25.553865485087,9.8,55.1,41.5,18.6,Ealing,Northolt West End
575,00ABGA,10021,100.4,56.4,,,,,00AB,76.7,78.9,82.7,24.5085320826265,15.6,37.9,24.8,6.5,Barking and Dagenham,Chadwell Heath
576,00BHGG,14127,209.2,56.4,19.0,8.3,18.3,0.6,00BH,97.4,78.4,81.7,19.5087421250088,7.6,50.7,44.4,18.0,Waltham Forest,High Sainteet
577,00AKGW,13006,40.6,56.5,7.4,3.3,18.7,1.2,00AK,50.7,81.5,90.5,16.9075811164078,18.5,20.8,20.9,5.4,Enfield,Highlands
578,00BDGE,11436,61.6,56.6,9.9,1.7,7.5,1.0,00BD,66.7,79.0,88.4,20.1556488282616,13.9,15.3,30.2,7.6,Richmond upon Thames,Kew
579,00BHGH,13194,79.5,56.7,33.6,11.5,23.7,0.7,00BH,107.4,75.8,88.0,24.4808246172503,7.6,51.9,40.3,15.7,Waltham Forest,Higham Hill
580,00AHGJ,12244,39.3,56.8,12.5,3.5,18.2,1.4,00AH,65.1,81.8,85.7,19.1849068931722,19.6,15.4,11.8,1.5,Croydon,Coulsdon East
581,00ALHD,13433,51.1,57.1,19.5,5.9,19.4,1.0,00AL,87.2,78.0,86.2,20.7474130871734,12.4,33.5,23.8,5.2,Greenwich,Shooters Hill
582,00AQFZ,12471,52.4,57.3,10.2,2.9,17.8,1.3,00AQ,72.9,81.1,87.2,18.3626012348649,19.6,48.4,40.1,12.5,Harrow,Canons
583,00ACGP,15159,49.2,57.7,8.7,2.5,13.0,1.3,00AC,68.7,80.3,83.0,20.1068672075994,16.8,34.3,37.6,13.7,Barnet,Totteridge
584,00BBGT,10679,91.6,57.8,30.8,5.6,14.1,0.7,00BB,63.9,80.6,83.1,21.0693885195243,4.0,54.1,48.3,18.1,Newham,Royal Docks
585,00ACGM,18451,82.4,59.0,12.8,3.8,14.0,1.3,00AC,63.8,80.7,86.6,22.8171914801366,13.1,36.1,34.4,10.2,Barnet,Mill Hill
586,00AFGF,15113,52.8,59.3,15.7,4.3,20.5,1.3,00AF,63.5,79.8,83.6,20.7437305630914,16.6,12.8,12.1,1.9,Bromley,Bromley Common and Keston
587,00BCGK,12953,91.1,59.8,27.3,8.4,28.9,1.0,00BC,80.4,78.1,83.8,23.0448544738671,14.1,29.8,22.2,7.4,Redbridge,Hainault
588,00AFGJ,14831,70.1,60.0,7.1,2.9,15.8,1.4,00AF,59.7,81.2,83.0,17.9826040051244,21.5,12.0,12.7,1.9,Bromley,Chislehurst
589,00AKGX,14355,61.4,60.6,15.5,9.1,28.5,1.0,00AK,92.0,77.2,82.2,23.7965865552072,11.9,50.9,40.8,16.9,Enfield,Jubilee
590,00ARGJ,12650,72.9,60.7,16.0,4.8,25.8,1.2,00AR,60.4,79.8,82.6,17.4466403162055,17.4,10.1,9.4,2.5,Havering,Harold Wood
591,00ASGT,10469,57.1,61.0,14.2,2.3,13.3,1.3,00AS,50.4,81.4,83.9,15.8276817270035,20.9,34.8,31.8,7.0,Hillingdon,Northwood
592,00AHGP,13213,82.2,61.3,9.3,4.2,17.2,1.3,00AH,56.9,84.1,83.7,19.0494210247484,15.9,24.6,16.9,2.8,Croydon,Heathfield
593,00ADGJ,11207,46.2,61.6,22.8,4.1,25.1,1.2,00AD,61.7,76.9,79.5,20.5139644864817,17.6,11.0,9.9,2.3,Bexley,Cray Meadows
594,00BAGQ,8491,60.3,62.2,5.6,0.9,6.8,1.4,00BA,49.7,82.6,86.3,19.1025792015075,19.3,17.1,34.0,8.3,Merton,Village
595,00BKGP,12067,76.4,62.2,19.1,2.2,13.0,0.6,00BK,54.1,80.9,83.5,15.2979199469628,16.3,43.7,59.9,23.7,Westminster,Regent's Park
596,00ASGX,12364,85.0,62.8,10.1,3.4,18.3,1.2,00AS,82.1,77.6,83.8,20.1957295373665,12.6,27.0,23.2,7.7,Hillingdon,South Ruislip
597,00BDGL,10330,56.1,64.0,8.5,1.5,7.7,1.1,00BD,51.9,81.9,83.4,18.9351403678606,13.6,8.9,17.8,4.1,Richmond upon Thames,Teddington
598,00BCGU,11543,85.9,64.2,14.3,3.0,15.2,1.1,00BC,70.2,79.9,84.3,19.3797106471455,14.5,30.0,22.8,5.7,Redbridge,Wanstead
599,00AGGN,10955,92.1,65.2,34.1,5.2,12.6,0.7,00AG,45.9,82.3,84.1,17.8183477863989,15.2,20.2,27.1,5.5,Camden,Highgate
600,00ADGR,11566,89.9,65.3,37.4,8.9,28.8,0.9,00AD,89.6,74.0,79.0,26.8026975618191,10.6,27.0,18.8,3.3,Bexley,North End
601,00AMGL,11098,61.9,67.7,57.9,13.6,24.6,0.5,00AM,66.2,77.2,85.7,25.5541539016039,9.2,62.0,43.3,13.4,Hackney,King's Park
602,00BFGG,9715,37.1,68.2,10.6,3.0,15.5,1.5,00BF,53.7,80.2,82.0,20.9264024704066,15.3,16.7,13.9,2.4,Sutton,Carshalton South and Clockhouse
603,00ARGG,14692,86.2,68.4,41.9,9.3,34.2,1.0,00AR,68.6,76.3,80.4,23.2371358562483,12.9,12.8,10.7,2.6,Havering,Gooshays
604,00AKGP,13788,55.9,68.8,12.0,4.3,19.0,1.3,00AK,46.1,81.5,86.8,17.2251232956194,19.0,26.3,30.5,9.5,Enfield,Cockfosters
605,00BKGH,9270,184.9,69.1,3.9,0.4,5.7,0.9,00BK,30.9,89.9,93.4,11.4670981661273,13.2,30.4,59.6,23.9,Westminster,Knightsbridge and Belgravia
606,00AFGH,14507,32.7,69.2,4.6,2.3,16.4,1.5,00AF,52.6,83.0,85.6,19.2941338664093,18.7,9.7,9.7,1.3,Bromley,Chelsfield and Pratts Bottom
607,00AFGS,15906,38.0,69.5,3.1,2.2,15.7,1.4,00AF,48.9,80.5,86.7,20.0427511630831,17.9,8.3,8.7,1.0,Bromley,Hayes and Coney Hall
608,00ADGX,12094,68.5,70.5,38.4,9.7,20.8,0.8,00AD,117.0,77.9,83.8,27.1622292045642,6.8,52.7,38.1,7.6,Bexley,Thamesmead East
609,00BJGL,16132,84.7,70.6,46.0,8.3,18.2,0.6,00BJ,48.3,74.1,81.2,18.4540044631788,10.5,34.5,38.6,15.5,Wandsworth,Roehampton
610,00AFGE,9951,43.4,71.4,4.6,2.8,18.3,1.7,00AF,60.0,82.2,86.2,18.9528690583861,16.3,4.1,5.1,0.5,Bromley,Biggin Hill
611,00BDGA,9985,56.6,74.7,13.8,1.7,12.5,1.2,00BD,78.5,81.1,86.6,19.3390085127692,15.8,11.3,16.7,4.0,Richmond upon Thames,Hampton
612,00ARGK,13000,51.8,75.3,20.6,6.4,30.4,1.3,00AR,58.0,75.3,79.0,21.2692307692308,15.9,12.0,9.1,1.5,Havering,Havering Park
613,00AXGC,10232,49.4,75.7,11.7,2.1,19.1,1.4,00AX,60.9,80.0,83.3,20.6802189210321,13.5,13.0,14.3,3.9,Kingston upon Thames,Chessington South
614,00AFGM,15445,115.7,76.4,24.7,6.1,27.9,1.0,00AF,70.1,77.6,81.1,22.1819359015863,15.9,14.6,12.3,2.5,Bromley,Cray Valley East
615,00BDFX,10348,58.3,76.7,7.6,1.5,6.6,1.1,00BD,85.9,84.5,88.5,22.9029764205644,13.9,9.3,23.6,5.5,Richmond upon Thames,East Sheen
616,00BCFY,14544,100.4,76.8,11.3,5.3,19.6,1.1,00BC,69.2,77.4,82.2,23.0060506050605,12.4,61.3,38.4,12.8,Redbridge,Aldborough
617,00ARGQ,12482,81.8,79.0,8.9,5.2,29.8,1.3,00AR,64.2,77.2,82.0,18.9953533087646,17.5,15.7,10.9,2.4,Havering,Rainham and Wennington
618,00AKGN,13762,52.5,81.5,21.3,6.5,22.4,1.1,00AK,63.5,76.8,80.8,22.1915419270455,13.2,23.4,21.0,7.0,Enfield,Chase
619,00BDFZ,10317,65.8,81.9,18.5,3.1,14.1,1.0,00BD,68.8,78.3,86.4,19.1237762915576,16.7,15.9,30.5,7.6,Richmond upon Thames,"Ham, Petersham and Richmond Riverside"
620,00ARGW,12833,49.5,82.0,1.9,31.6,19.0,1.4,00AR,38.6,80.1,81.6,16.7770591443934,22.5,4.8,6.1,0.9,Havering,Upminster
621,00ASGN,7399,67.4,85.5,24.0,3.2,23.8,1.4,00AS,55.8,78.3,82.3,19.2458440329774,17.0,12.5,13.3,3.1,Hillingdon,Harefield
622,00AFGQ,5110,58.6,88.8,5.5,1.6,21.9,1.7,00AF,63.8,81.2,82.4,18.3170254403131,21.9,4.8,6.1,0.4,Bromley,Darwin
623,00AZGW,16414,71.7,99.9,36.6,8.2,14.4,0.6,00AZ,53.8,76.4,78.8,19.5321067381504,7.0,49.4,36.9,10.9,Lewisham,Telegraph Hill
