Id,Population_2011_Census,Ward_Code,Ward_Name,District_Code,District,Crime_Rate,Open_Space,hh_Social_Rented,Job_Seekers,No_Qual,Cars_Per_Household,General_Fertility_Rate,Male_Life_Expectancy,Female_Life_Expectancy,Life_Expectancy,Children,Adult,Greater_Than_65,Non_White,Not_Born_In_UK,Not_English_Speaking
0,11201,00ANGQ,Town,00AN,Hammersmith and Fulham,117.7,0,23.7,3.6,9.4,0.6,47.3,78.8,81.1,80,16.7,76.1,7.2,22.7,40.5,11.9
1,11518,00ANGA,Addison,00AN,Hammersmith and Fulham,114,0.3,24.9,4.5,9.3,0.5,49.4,78.8,88.6,83.7,14.6,78.2,7.2,27.9,44.1,15.8
2,10800,00ADGN,Falconwood and Welling,00AD,Bexley,44.2,0.7,1.1,2.9,22.1,1.3,58.1,78.2,82.8,80.5,19.1,65.2,15.7,15.4,12.4,2.6
3,12321,00BEGH,East Dulwich,00BE,Southwark,65.3,0.7,20.3,4.6,12.3,0.7,76.7,81.2,82.9,82,17.5,73.8,8.7,28.2,25.9,5.6
4,12609,00BCFZ,Barkingside,00BC,Redbridge,64.3,1.3,4.7,4.2,17.2,1.2,68.7,81,85.7,83.4,20.3,64.9,14.8,64.2,40.5,12.8
5,12702,00AGGD,Belsize,00AG,Camden,67.6,1.3,19.6,3.3,8.4,0.6,83.4,82.3,83.9,83.1,17.4,70.6,12,27.8,46.3,14
6,10286,00BGGL,Spitalfields and Banglatown,00BG,Tower Hamlets,213.5,1.4,31.9,11.2,17.2,0.3,35.7,92.7,93.7,93.2,13.7,80.7,5.6,54.7,50.7,24.6
7,15032,00BEGD,Camberwell Green,00BE,Southwark,128.1,1.6,63.5,11.6,19.3,0.4,69.6,74.4,85.1,79.8,21.2,71.4,7.4,61.1,46.8,13.4
8,11991,00BKGC,Bryanston and Dorset Square,00BK,Westminster,255.3,2.1,7.8,3.3,8.2,0.4,56,85.6,88.7,87.2,10.6,78.8,10.6,37.2,61.3,28.8
9,17362,00BBGL,Forest Gate South,00BB,Newham,111.2,2.2,26.4,9.8,17.6,0.6,61.8,74.6,77.2,75.9,19.4,74.1,6.5,68.2,54.8,25.5
10,16883,00AHGE,Addiscombe,00AH,Croydon,69.4,2.3,13.7,5.1,15.3,0.7,64.9,76.8,81.4,79.1,18.7,71.6,9.7,43.6,34.5,10.2
11,15885,00BBGM,Green Sainteet East,00BB,Newham,70.4,2.4,12.8,9.5,20.3,0.6,96.4,81.9,83,82.4,22.3,72,5.7,89.9,62.2,33.2
12,14160,00BJGN,Shaftesbury,00BJ,Wandsworth,84.9,2.4,22.6,2.8,10.9,0.6,51,80.8,84.9,82.8,12.7,79.6,7.7,18.8,29,5.7
13,15198,00BJGF,Graveney,00BJ,Wandsworth,105.1,2.6,17.8,5.2,14.7,0.6,63.8,76.9,84,80.4,17.9,73.3,8.8,46.4,42.4,14.4
14,15214,00AZGG,Catford South,00AZ,Lewisham,57,3,12.6,6.5,17.3,0.9,68.9,77.4,81.4,79.4,21.5,67.2,11.3,56.2,32.2,7.1
15,11545,00ABFZ,Becontree,00AB,Barking and Dagenham,91.7,3,29.4,10.2,28,0.9,67.4,75.3,81,78.2,25.4,65.1,9.5,41.2,30.1,10.5
16,12034,00BKGF,Harrow Road,00BK,Westminster,95.3,3,43.4,10.4,18.4,0.4,77.5,77.1,92.1,84.6,18.9,72.6,8.5,49,48.2,17.9
17,13780,00BEGU,South Bermondsey,00BE,Southwark,107.3,3,52.3,8.7,21.9,0.5,60.5,77.2,81.1,79.2,20.5,72.3,7.2,44.8,41.1,14.6
18,9824,00AFHA,Shortlands,00AF,Bromley,26.6,3.1,6.2,1.7,12.1,1.3,48.2,83,87.9,85.4,18.5,61.8,19.7,15.6,16,3.6
19,10996,00ANGE,Fulham Broadway,00AN,Hammersmith and Fulham,111.6,3.1,36.2,4.6,14.8,0.5,50.4,76.2,79.4,77.8,13.5,76.2,10.3,29.9,43.9,15.6
20,15113,00BBGN,Green Sainteet West,00BB,Newham,85.5,3.2,13.5,9.7,21.6,0.7,86.8,80.7,86.6,83.6,21,71.6,7.4,89.3,61.1,32.7
21,11516,00BCGC,Church End,00BC,Redbridge,89.3,3.3,8.2,3.7,12.3,1.1,67.5,81.4,84.6,83,18.2,69.9,11.9,26.5,22.1,5.8
22,11394,00AQGT,Wealdstone,00AQ,Harrow,85.8,3.4,15.1,6.4,20.9,1,94,75.5,81.4,78.4,23.4,65.6,11,62.6,46.9,18.3
23,14160,00ANGB,Askew,00AN,Hammersmith and Fulham,73.1,3.6,34.8,6.7,13.7,0.5,50.8,74.6,78.2,76.4,17.2,75,7.8,37,42.5,14.8
24,14607,00AHGT,Purley,00AH,Croydon,81.7,3.8,7.6,4.4,12.9,1.2,79.6,79.6,83.6,81.6,19.5,65.5,15,31.6,23.1,5
25,14136,00BEGN,Newington,00BE,Southwark,97.6,3.8,54.2,7.8,19.4,0.4,48.1,77.5,83.2,80.4,17.3,74.2,8.5,48.2,42.5,13.6
26,10300,00BKGB,Bayswater,00BK,Westminster,118.2,3.8,20.4,4.4,7.5,0.4,43.2,91.6,85.1,88.4,11.7,78.6,9.7,31.1,56.1,23.9
27,10575,00BKGW,West End,00BK,Westminster,2100.2,3.9,23.5,3.4,9.6,0.4,38.1,93.2,99.6,96.4,7.9,81.2,10.9,32.4,56.8,24.2
28,9369,00BKGT,Warwick,00BK,Westminster,162,4,28.2,4,9.4,0.5,40.7,80.7,95.1,87.9,10.7,78,11.3,24,43.9,15.9
29,13389,00ANGR,Wormholt and White City,00AN,Hammersmith and Fulham,79.2,4.2,52.3,10.5,21.5,0.5,70.6,78.1,85.9,82,22.7,68.3,9,50.6,45,14.3
30,14604,00BHGD,Grove Green,00BH,Waltham Forest,69.1,4.3,9.1,7.1,15.7,0.6,80.5,74.4,80.8,77.6,19,73.9,7.1,53.2,53,21.2
31,12563,00BKGN,Queen's Park,00BK,Westminster,98.3,4.4,55.4,13.7,22.6,0.4,83.3,76.8,83.8,80.3,21.8,68.7,9.5,52.6,43.3,15.2
32,14129,00BEGM,Livesey,00BE,Southwark,126.4,4.5,66.9,13.1,23.8,0.4,80,77,81.5,79.2,23.6,67.3,9.1,62.2,44.3,11.9
33,15362,00BEGL,Grange,00BE,Southwark,140.5,4.5,45,7.6,15.7,0.4,59.7,77.9,81.1,79.5,14.1,79.4,6.5,39.1,38.3,10.8
34,18652,00AHGH,Broad Green,00AH,Croydon,219.7,4.5,27.5,8.3,20.2,0.7,83.8,75.3,83.8,79.6,25.8,67.1,7.1,68.6,46.2,16.9
35,14257,00BCGB,Chadwell,00BC,Redbridge,67.1,4.8,10,6.5,18.5,1,90.5,77.9,81.8,79.8,24.7,65,10.3,56.9,31.6,9.9
36,14483,00APGC,Bruce Grove,00AP,Haringey,111.6,4.9,28.2,15.3,22.5,0.5,83.9,75.2,83,79.1,22.5,69.1,8.4,55.9,55.5,23.5
37,13799,00BHFX,Cann Hall,00BH,Waltham Forest,84.6,5,28.3,10.5,19.2,0.6,106.8,77,81.3,79.2,21.7,71.2,7.1,57,48.8,18.2
38,13269,00BHGR,William Morris,00BH,Waltham Forest,81,5.3,21.4,9,20.4,0.6,102.7,77.5,80.7,79.1,22.4,69.6,8,51.8,43.6,16.9
39,13417,00AGGQ,Kentish Town,00AG,Camden,126.3,5.3,33.3,5.6,13.6,0.4,55.2,73.5,78.4,76,15.8,74.6,9.6,28.4,34.2,10.4
40,14862,00BGGN,Whitechapel,00BG,Tower Hamlets,146.5,5.4,32.9,9.3,17.1,0.3,66.9,73.6,83.2,78.4,16.4,78,5.6,60.2,48.8,24.8
41,15178,00BEGF,Chaucer,00BE,Southwark,122.6,5.6,43.3,6.4,11.3,0.4,36.3,88.5,97.5,93,14.8,80,5.2,49.9,45.2,13.3
42,8977,00BAGE,Hillside,00BA,Merton,52,5.7,9.9,1.2,6.4,0.8,60,81,91.7,86.4,13.8,72.5,13.7,21.7,41.6,11.3
43,11986,00AGGJ,Frognal and Fitzjohns,00AG,Camden,65.2,5.7,7.1,1.9,6.1,0.8,55.6,80,85.6,82.8,17.9,68.1,14,25.8,48.5,14.6
44,10459,00AXGL,Surbiton Hill,00AX,Kingston upon Thames,30.3,5.8,7.5,1.7,10.7,1,54.2,79.1,81.9,80.5,16.7,69.8,13.5,19,25,7
45,9847,00AWGM,Queen's Gate,00AW,Kensington and Chelsea,100.2,5.8,4,1.5,3.8,0.6,50.7,94.5,86.6,90.6,14.4,76.2,9.4,28.7,63.2,24.9
46,12879,00BHGN,Leytonstone,00BH,Waltham Forest,109.2,5.8,15.4,7.5,15.1,0.7,60,76.8,84,80.4,16.4,76.1,7.5,47.6,42.6,15.4
47,11135,00ADGU,Saint Michael's,00AD,Bexley,30,5.9,7,3.7,21.8,1.4,56.4,83.2,88.4,85.8,22.1,64.2,13.7,17.3,11.6,2.4
48,10013,00AWFY,Abingdon,00AW,Kensington and Chelsea,97.2,5.9,9.4,2.8,6.3,0.6,62.2,84.6,87.1,85.8,15.5,72.8,11.7,32.6,59.6,26.1
49,15565,00BEGY,The Lane,00BE,Southwark,150.3,6,41.5,9.7,17.5,0.5,87.8,74.5,83.8,79.2,19.8,71.1,9.1,50.7,37.7,8.5
50,15982,00BBGC,Boleyn,00BB,Newham,109.5,6.1,25.8,9.8,22.4,0.6,89,75.6,82.4,79,24.9,67.6,7.5,78.1,54.8,26.4
51,13683,00BGFW,Bethnal Green North,00BG,Tower Hamlets,123.6,6.1,46,12.8,22.1,0.4,54.5,73.6,78.6,76.1,18.6,74.4,7,49.4,38.7,15
52,14029,00AJGF,Ealing Broadway,00AJ,Ealing,159.6,6.1,11,3.4,7.3,0.8,49.7,79.7,85,82.4,14.5,73.6,11.9,30.5,44.3,18.6
53,10366,00BKGM,Marylebone High Sainteet,00BK,Westminster,376.3,6.1,9.9,1.3,5.8,0.5,36.5,84.4,83.9,84.2,8.5,79.8,11.7,27.8,58.5,21.8
54,14915,00AEGR,Kensal Green,00AE,Brent,141,6.9,26.7,13.3,19.7,0.6,94.6,76.7,83.1,79.9,19.6,71.4,9,52.3,50.2,21.9
55,12373,00AXGA,Canbury,00AX,Kingston upon Thames,48.7,7,12.5,1.9,9,0.9,77.1,77.2,81.6,79.4,21.7,70.4,7.9,21.4,27.5,9.5
56,13174,00BEGC,Brunswick Park,00BE,Southwark,100.1,7,46.6,10.1,15.2,0.5,73.3,78.8,90.7,84.8,19.7,73.2,7.1,53.3,40.6,10.7
57,14720,00BEGQ,Peckham,00BE,Southwark,126.2,7,59.4,14.4,19.6,0.5,89,75.8,77.8,76.8,24.3,69.5,6.2,70.8,47.6,12.3
58,11138,00AQGH,Kenton East,00AQ,Harrow,45.6,7.2,14.8,3.7,23.4,1.2,60.4,78.2,85.9,82,18.7,68.9,12.4,73.4,57.1,24.7
59,11250,00BKGA,Abbey Road,00BK,Westminster,56.8,7.2,9.1,2.4,10,0.7,68.5,81.5,85.1,83.3,17.5,68.5,14,35.4,56.9,20.4
60,11925,00AGGG,Cantelowes,00AG,Camden,110.4,7.4,40.3,6.2,13.9,0.4,46,77.2,82.5,79.8,16.2,74.7,9.1,31.9,35.9,12.6
61,11448,00ATGT,Turnham Green,00AT,Hounslow,117.8,7.4,14.7,2.7,9.9,0.8,52.2,77.9,83.8,80.8,15,72.1,12.9,23.2,39.9,12.8
62,13023,00AGGP,Holborn and Covent Garden,00AG,Camden,480.3,7.5,42.5,6,12.9,0.3,40.3,75.6,82.8,79.2,12.9,77.7,9.4,39.8,45.6,16.3
63,11760,00BKGE,Church Sainteet,00BK,Westminster,111,7.6,55.8,12.4,28.1,0.3,54.3,73.4,76.4,74.9,23.2,65.4,11.4,61.7,52.7,27.2
64,16201,00AHGG,Bensham Manor,00AH,Croydon,68.8,7.7,11.9,8.5,17.9,0.8,90.1,80.9,84.3,82.6,23.1,67.1,9.8,73.5,45.3,12.9
65,12420,00AQGB,Greenhill,00AQ,Harrow,151.9,7.7,11.4,5.3,11.7,0.8,63.3,76.4,82.1,79.2,16.8,72.8,10.4,58.5,52.7,20.7
66,14666,00BCGE,Clementswood,00BC,Redbridge,183.3,7.7,10.7,9.1,18.6,0.8,93.1,76.7,81.2,79,26.6,66,7.4,84.2,55.6,25.1
67,9599,00BFGP,Sutton South,00BF,Sutton,43.5,8.1,11.9,3.5,15.7,0.9,85.8,77.2,81.7,79.4,14.9,67.6,17.5,24.4,29.4,9.7
68,12400,00AUGK,Saint George's,00AU,Islington,93.2,8.1,38,6.9,16.5,0.5,44.6,75.4,82.9,79.2,16.2,74.7,9.1,28.1,32.8,10.6
69,15921,00ARGR,Romford Town,00AR,Havering,225.4,8.1,13,5,21,0.9,70,76.4,81,78.7,17.7,68.3,14,16.4,16.6,5.6
70,12364,00AGGM,Haverstock,00AG,Camden,118.8,8.2,49.2,7.7,18.6,0.4,65.9,76.7,81.4,79,19.5,69.4,11.1,37.1,36.3,10.7
71,12259,00AQGK,Marlborough,00AQ,Harrow,83.2,8.3,11.1,6.1,17.1,0.9,75.1,78.9,84.3,81.6,20.7,68.7,10.6,62.9,51.6,20.2
72,11004,00ANGH,Munster,00AN,Hammersmith and Fulham,75.5,8.5,18.1,2.8,9.7,0.7,54.5,85.3,84.5,84.9,15.1,76.5,8.4,19.3,38.3,10.7
73,8792,00AWGG,Hans Town,00AW,Kensington and Chelsea,108.6,8.5,16.4,2.2,9.2,0.6,48.2,98.1,92.3,95.2,12.6,72.8,14.6,23.5,55.6,24.8
74,13195,00BKGJ,Lancaster Gate,00BK,Westminster,172.3,8.6,10.5,3.4,7.1,0.4,46.5,93.7,88.1,90.9,11.6,80,8.4,33.7,64.6,32.2
75,12216,00ANGC,Avonmore and Brook Green,00AN,Hammersmith and Fulham,81.2,8.8,21.9,4.7,9.3,0.5,43,79.2,82.9,81,12.4,77.4,10.2,35.5,52.2,20.4
76,12060,00AGGX,West Hampstead,00AG,Camden,97.6,8.8,22.2,4.6,9.5,0.5,55.6,77.9,83,80.4,12.5,79.1,8.4,30.5,43.3,13.9
77,12462,00BKGG,Hyde Park,00BK,Westminster,155.4,8.9,9.8,2.9,11.1,0.5,46,87.9,91.3,89.6,12.7,77.4,9.9,44.7,64.2,34.1
78,17162,00AEGQ,Harlesden,00AE,Brent,189.6,8.9,44,23.4,24.1,0.5,106.9,71.9,80.6,76.2,25.9,66.1,8,67,52.9,23
79,8187,00AWGR,Saintnley,00AW,Kensington and Chelsea,134.7,9.1,13.1,2,7.3,0.7,48.2,81.2,82.8,82,14.6,70.9,14.5,19,48.7,19.3
80,10546,00ADGE,Brampton,00AD,Bexley,31.7,9.2,4.4,2.7,22.9,1.3,43.9,80.4,84.9,82.6,17.2,61.9,20.9,13.1,10.4,1.6
81,10892,00AGGE,Bloomsbury,00AG,Camden,438.7,9.2,28.6,4.2,7.8,0.2,22.1,77.2,81.6,79.4,7.1,82.9,10,40.4,51.2,19.5
82,9537,00AWGK,Notting Barns,00AW,Kensington and Chelsea,100.5,9.3,55.8,9.3,19.4,0.5,67.1,78.9,84.7,81.8,20.2,68.4,11.4,42.7,41.6,14.6
83,11490,00AUGB,Clerkenwell,00AU,Islington,195.4,9.3,42.3,5.6,15.1,0.4,29.2,77.6,84.9,81.2,12.2,79.6,8.2,29.3,38.5,12.6
84,11923,00ANGG,Hammersmith Broadway,00AN,Hammersmith and Fulham,230.4,9.4,39.9,5.5,15,0.5,43.4,74,81.9,78,16,73.9,10.1,33.9,40.5,13.4
85,10616,00ADGC,Blackfen and Lamorbey,00AD,Bexley,25.8,9.5,3.8,2.1,22.4,1.3,53.3,84.2,84.6,84.4,19.7,62.8,17.5,7.3,7.1,1.2
86,14679,00BJGH,Nightingale,00BJ,Wandsworth,63.7,9.5,13.1,2.7,8.9,0.7,63.3,75.3,79.2,77.2,16.2,74.3,9.5,21.4,27.7,6.7
87,10200,00BFGT,Wallington South,00BF,Sutton,72,9.5,16.4,4.2,18.7,1.1,53,178,81.7,129.8,18.2,64.5,17.3,21.3,18.5,4.3
88,13023,00AEGL,Brondesbury Park,00AE,Brent,91.6,9.6,21.5,5.3,15.9,0.7,67.2,80.3,84.7,82.5,16.8,71.1,12.1,43.8,47.2,16.2
89,11553,00AUGL,Saint Mary's,00AU,Islington,253.8,9.6,41.5,5.1,15.5,0.4,47,73.6,82.4,78,13.7,76.7,9.6,25.3,33.1,10
90,15618,00AZGS,Perry Vale,00AZ,Lewisham,74.7,9.7,26.5,7.1,16.2,0.7,73.5,76.2,80.8,78.5,20.7,69.7,9.6,42.5,30.5,7.2
91,15529,00AEGU,Mapesbury,00AE,Brent,97.9,9.7,19.2,7.3,14.5,0.6,72.6,78.6,86,82.3,16.1,75.6,8.3,43.4,52.3,21.3
92,12175,00ANGP,Shepherd's Bush Green,00AN,Hammersmith and Fulham,349.3,9.7,37.9,8.2,13.9,0.4,52.6,72.7,85.4,79,14.8,77.6,7.6,40.1,47.2,16.4
93,10813,00ANGL,Parsons Green and Walham,00AN,Hammersmith and Fulham,124,9.8,20.6,3,9.5,0.8,61.6,80.3,84.6,82.4,18,71.8,10.2,17.8,38.2,10.8
94,9104,00AWGE,Earl's Court,00AW,Kensington and Chelsea,105.6,10,22.7,5.1,8.4,0.4,44.9,82.2,92.6,87.4,11.5,79.7,8.8,35.4,61,29.6
95,12658,00ATGP,Hounslow West,00AT,Hounslow,130.4,10.2,18.9,4.6,16.3,0.9,95.8,76.4,81.5,79,17.4,71.4,11.2,75.9,62.6,29.4
96,15032,00AYGE,Ferndale,00AY,Lambeth,172.6,10.2,37.4,6.6,13.3,0.4,37.5,74.8,82.6,78.7,12.6,81.2,6.2,40.4,41.7,11.8
97,15470,00BBGR,Plaistow North,00BB,Newham,74,10.3,41.7,11.3,23.6,0.5,96,75.3,82.2,78.8,23.6,69.3,7.1,73.4,52.1,23.6
98,10641,00BFGJ,Nonsuch,00BF,Sutton,50.7,10.4,3.6,1.7,18.6,1.4,52,81.6,87.4,84.5,18.6,64.1,17.3,15.3,15.7,3.6
99,12917,00AUGJ,Mildmay,00AU,Islington,88.9,10.4,47,6.8,17.4,0.4,48.5,76.9,81,79,18.3,73.9,7.8,34.5,33.8,10.6
100,11822,00AUGM,Saint Peter's,00AU,Islington,149.9,10.4,40.4,5.9,17.3,0.4,62.3,76.7,80.1,78.4,14.8,75.4,9.8,25.6,32,9.5
101,15030,00AUGE,Highbury West,00AU,Islington,86.8,10.5,33.5,6,12.6,0.4,54.4,75.3,85.1,80.2,15.2,78.1,6.7,32.1,34.5,12.8
102,14580,00APGQ,Tottenham Green,00AP,Haringey,151.9,10.5,39.2,12.7,22.7,0.4,64.6,72.5,82.8,77.6,20.4,71.4,8.2,52.8,55,25.8
103,8377,00AWGB,Colville,00AW,Kensington and Chelsea,197.2,10.5,45.2,6.4,13.1,0.4,53.3,78,88.4,83.2,14.1,76.2,9.7,34,44.4,15.5
104,11865,00BCGS,Snaresbrook,00BC,Redbridge,67.8,10.6,11.8,2.8,14.9,1,68.8,77.9,84.8,81.4,15.4,67,17.6,30.2,27.2,6.5
105,11589,00ANGJ,North End,00AN,Hammersmith and Fulham,97.7,10.6,28.6,4.7,11.2,0.4,42.3,79.1,89.8,84.4,12.6,80.8,6.6,34.2,47.9,19.4
106,13912,00BHGJ,Hoe Sainteet,00BH,Waltham Forest,110.2,10.6,27,11.5,19,0.6,79.1,75.9,81.7,78.8,21.1,70.1,8.8,49.9,42.8,17.2
107,11124,00AQGP,Rayners Lane,00AQ,Harrow,44.4,10.7,2.2,3.2,13.7,1.3,64.9,82.1,85,83.6,20.6,65.5,13.9,65.5,48,17.6
108,9437,00AXFY,Berrylands,00AX,Kingston upon Thames,34.1,10.8,17.4,2.4,11.9,1,60.4,78.4,83.9,81.2,16.9,68.2,14.9,18.1,24.1,6.9
109,8839,00AWFZ,Brompton,00AW,Kensington and Chelsea,291.9,10.8,12.3,1.4,6.6,0.6,47.3,84.8,90.5,87.6,14.1,72.9,13,24.4,61.7,26.8
110,15917,00BBGG,East Ham Central,00BB,Newham,174.4,10.9,15.7,8.4,19.3,0.6,104.2,75.1,81.7,78.4,22.5,70.4,7.1,81.9,61.4,29.1
111,9750,00AXGE,Coombe Vale,00AX,Kingston upon Thames,36.4,11,6.9,1.8,11.7,1.2,51.4,80.2,85.3,82.8,21.2,65.5,13.3,33.4,33.5,11.1
112,15022,00BJGC,East Putney,00BJ,Wandsworth,49,11,11.3,2.2,7.9,0.7,45.7,80.7,85.1,82.9,13.3,75.7,11,20.6,39.4,9.3
113,11343,00AQFY,Belmont,00AQ,Harrow,56.1,11,3.7,2.8,15.1,1.5,81.1,82.1,85.5,83.8,21.2,65.8,13,58.7,41.6,13.2
114,12201,00AUFX,Barnsbury,00AU,Islington,150.3,11,38.5,5,16.3,0.5,45.1,75,79.5,77.2,14.9,75.7,9.4,28.9,35.5,10.9
115,15169,00ATGL,Hounslow Central,00AT,Hounslow,213.4,11.1,16.9,3.9,12.8,0.7,81.6,78.5,87,82.8,18.5,72,9.5,70.7,64.5,29.5
116,14613,00BJGD,Fairfield,00BJ,Wandsworth,83.7,11.2,15.2,2.4,8.5,0.7,46.2,77.2,80.3,78.8,12.7,80.6,6.7,22.1,32.5,7.1
117,16539,00AHHA,Thornton Heath,00AH,Croydon,95.9,11.2,19.7,11.3,18.7,0.7,87.1,75.6,82.8,79.2,25,65.9,9.1,67.1,37.6,9.4
118,16989,00AEGT,Kilburn,00AE,Brent,123.3,11.2,45,13.3,17.1,0.4,81.4,76.2,84.2,80.2,18.6,72.8,8.6,50,48.1,18.4
119,17768,00BBGU,Saintatford and New Town,00BB,Newham,185.7,11.2,31.8,7,13.9,0.4,49.1,78.5,79.7,79.1,15.5,78.9,5.6,59.2,54.9,23.5
120,15059,00AEGN,Dudden Hill,00AE,Brent,112.1,11.5,19.9,9.1,19.8,0.8,76,85.3,88.1,86.7,20.4,69.9,9.7,55.9,56.2,23.8
121,13939,00APGK,Noel Park,00AP,Haringey,247.3,11.5,38.2,12.1,20.8,0.5,53,74.8,84.7,79.8,19.1,72.4,8.5,45.2,51.7,25.4
122,14480,00BGGB,Bromley-by-Bow,00BG,Tower Hamlets,78,11.7,42.8,11,21,0.4,80.8,76.3,83,79.6,26.7,67.5,5.8,70.4,43.5,22
123,14751,00BJFZ,Balham,00BJ,Wandsworth,90.3,11.7,10.9,2.4,7.1,0.7,59.5,79.3,84.4,81.8,15.7,76.5,7.8,19.4,28.5,6.5
124,14573,00AZGP,Lee Green,00AZ,Lewisham,84.4,11.9,21.2,6.3,14.6,0.7,78,77.1,81.2,79.2,19.3,69.8,10.9,33.7,28.9,8.1
125,7659,00AWGL,Pembridge,00AW,Kensington and Chelsea,163.4,11.9,12.7,2.7,6.2,0.5,40.4,82.1,85.7,83.9,13.3,74.9,11.8,22.1,51.2,20.2
126,9816,00BAGD,Graveney,00BA,Merton,61,12.3,3.9,6,15.8,0.9,91.8,82.9,85.6,84.2,18.2,70.9,10.9,57.5,54.1,23.1
127,13866,00BBGH,East Ham North,00BB,Newham,79.7,12.3,17.6,8.9,19.9,0.7,92.8,71.3,76.9,74.1,21.9,70.2,7.9,90.8,60.2,31.5
128,12212,00AMGD,Clissold,00AM,Hackney,82.5,12.3,34,5.6,14.3,0.5,60.9,77.1,83.5,80.3,18.7,74.7,6.6,34.7,32,10.6
129,15190,00BGGE,Mile End and Globe Town,00BG,Tower Hamlets,85,12.4,46,8.8,19.5,0.4,35.2,76.5,86.4,81.4,18.9,74.5,6.6,52.6,40.6,16.4
130,15358,00BJGG,Latchmere,00BJ,Wandsworth,85,12.5,47,8.2,17.9,0.4,59.1,73,81.5,77.2,19,72.5,8.5,44.5,39.7,11.5
131,14859,00BGGC,East India and Lansbury,00BG,Tower Hamlets,107.4,12.5,57.5,19.5,30.7,0.4,102.2,74.9,81.8,78.4,27.8,65.2,7,63.7,39.5,18.6
132,13392,00AMGB,Cazenove,00AM,Hackney,63.2,12.8,33.8,9.9,23.5,0.4,116.6,74.4,86.7,80.6,28.4,66.2,5.4,43.3,36.4,16.4
133,10323,00BAFX,Abbey,00BA,Merton,82,12.8,14.1,2,10.1,0.7,52.6,80,81,80.5,15.7,75.8,8.5,26.6,38.3,12.5
134,10993,00BFGM,Sutton Central,00BF,Sutton,179.9,12.9,22.7,5.6,18.6,0.8,78.5,75.7,80.3,78,18.8,69.7,11.5,24.1,26.9,99.7
135,11128,00ADGG,Colyers,00AD,Bexley,44.6,13.1,29.4,6.7,25.1,1.1,85.7,78.2,80.2,79.2,22.2,63.3,14.5,17.7,12.3,2
136,15605,00AZGU,Sydenham,00AZ,Lewisham,83.7,13.1,34.7,8,18.7,0.7,71.8,75.4,80.3,77.8,20.2,67.9,11.9,41.8,30.2,7.1
137,15842,00AYGA,Brixton Hill,00AY,Lambeth,112.2,13.1,32.2,7.9,13.8,0.5,44.5,74.8,78.4,76.6,15.7,77.3,7,41.5,37.4,11.1
138,14550,00AYGM,Saint Leonard's,00AY,Lambeth,129.7,13.2,14,7.3,12.6,0.6,69.1,76.2,82.3,79.2,17,75.4,7.6,38.9,40.4,15.8
139,13795,00AYGC,Clapham Town,00AY,Lambeth,179.5,13.2,29.7,5.1,10.9,0.5,37.9,75.5,81.7,78.6,14.6,78.1,7.3,29.3,35.2,7.8
140,13311,00AUGN,Tollington,00AU,Islington,87.4,13.3,41.9,7.8,17.3,0.4,46.2,72.4,80.8,76.6,17.7,74.3,8,35.8,34.5,12.6
141,14763,00AYGH,Knight's Hill,00AY,Lambeth,90.8,13.3,30.6,9.1,15.9,0.6,73.7,74.4,79.4,76.9,23.2,67.8,9,47.7,35.3,11.6
142,8933,00AWGC,Courtfield,00AW,Kensington and Chelsea,99.4,13.3,9.1,2.7,3.8,0.5,49.6,83.5,92.2,87.8,12.5,78.4,9.1,24.8,61.4,28.3
143,12445,00AMGS,Saintke Newington Central,00AM,Hackney,111.6,13.3,32.2,8.3,14.2,0.4,50.1,74.9,85.9,80.4,16,77,7,39.9,36.6,13
144,16533,00ACGR,West Finchley,00AC,Barnet,76.1,13.4,7.2,3.3,12.2,0.9,64.6,79.9,81.6,80.8,17.6,69.9,12.5,39.2,44.7,19
145,12038,00AGGR,Kilburn,00AG,Camden,135.2,13.4,42.1,8,17.4,0.4,59.4,72,78.9,75.4,17.3,71.5,11.2,40.1,47.9,18.7
146,10598,00ADGS,Northumberland Heath,00AD,Bexley,41.1,13.5,9.3,3.8,23.3,1.3,50,78.5,82.9,80.7,20.6,64.3,15.1,14.5,9.8,1.9
147,17156,00AZGF,Brockley,00AZ,Lewisham,118.9,13.5,30.1,8.4,11.8,0.5,53,75,80.1,77.6,15.2,78.3,6.5,43.1,36.8,10.5
148,13818,00AGGU,Saint Pancras and Somers Town,00AG,Camden,120.8,13.5,61.2,10.8,22.7,0.3,75.8,75.5,85.3,80.4,20,70.6,9.4,49,42.4,17.9
149,11843,00AGGS,King's Cross,00AG,Camden,164.3,13.5,46.1,7.5,12.1,0.2,34.1,76.9,81.5,79.2,14.5,78.3,7.2,49.2,50.9,22.4
150,14639,00AUFY,Bunhill,00AU,Islington,179.7,13.5,47.3,6.5,15.8,0.3,44.5,75.5,82.1,78.8,13.5,78.6,7.9,34.5,41.9,16.6
151,17446,00AZGQ,Lewisham Central,00AZ,Lewisham,185.1,13.6,27.4,8.2,16.1,0.5,67.4,71.4,77.6,74.5,18.3,73.3,8.4,51.6,41.2,12.4
152,15715,00ACGF,Finchley Church End,00AC,Barnet,53.5,13.7,4.9,3.4,12.3,1.2,72.1,82.4,86.3,84.4,18.8,64.7,16.5,33.1,40.9,14.5
153,15155,00AEGZ,Queensbury,00AE,Brent,85,13.7,15.3,4.2,21.4,1.2,73.2,85.1,85.8,85.4,20.1,67.7,12.2,72.9,57.7,24.1
154,16257,00BBGK,Forest Gate North,00BB,Newham,90.8,13.8,28.9,8.7,17.8,0.6,69.6,74.2,79.8,77,21.3,71.8,6.9,64.1,50.5,21
155,14123,00BCGT,Valentines,00BC,Redbridge,146.7,13.8,8.9,8.8,16.6,0.8,99.7,75.9,86.4,81.2,24,67.3,8.7,77.6,50.3,21
156,10910,00ADGD,Blendon and Penhill,00AD,Bexley,36.6,13.9,2.6,2.4,21.5,1.4,59,82.4,85.3,83.8,19.5,62.6,17.9,9.5,7.8,1.7
157,12548,00AMGG,Hackney Central,00AM,Hackney,136.8,14.1,50.7,11,18.4,0.3,68.7,75,80.3,77.6,17.6,74.7,7.7,52.7,40.5,12.8
158,13439,00AJGY,Southall Broadway,00AJ,Ealing,147.1,14.1,16.4,8.5,23.8,0.9,103.1,81.2,82.4,81.8,21.2,68.3,10.5,93.7,64.1,36
159,12395,00APGD,Crouch End,00AP,Haringey,80.9,14.2,10.2,3.4,6.4,0.7,59.1,78.1,82.3,80.2,15.9,75.2,8.9,18,29.2,7.6
160,14263,00AYGP,Sainteatham Hill,00AY,Lambeth,81.5,14.2,24.9,6.5,13.5,0.6,57.1,76.4,79.9,78.2,18.3,73.3,8.4,37.9,37.8,12.4
161,13643,00AMGF,De Beauvoir,00AM,Hackney,100.9,14.2,39.9,9.4,15.6,0.4,53.7,77.7,81.5,79.6,16.1,76.9,7,39.9,37.8,11.7
162,13474,00AJHA,Southfield,00AJ,Ealing,72.4,14.3,9.8,3.1,9,0.8,74.3,80.7,86.7,83.7,17.3,72.7,10,20.8,36.2,10.7
163,11135,00AQGG,Headstone South,00AQ,Harrow,40.5,14.4,7.2,3.7,13.1,1.1,73,80,89.5,84.8,20.4,67.6,12,56.5,44.2,15.9
164,12072,00AUGA,Canonbury,00AU,Islington,103.9,14.4,47.2,6.8,19.2,0.4,50,74.7,84.1,79.4,17.3,73,9.7,28.2,29.7,9.1
165,16784,00AYGD,Coldharbour,00AY,Lambeth,194.9,14.4,59.1,15,17.6,0.4,63,73.1,80,76.6,21.6,72.3,6.1,62.1,43.7,13.3
166,12659,00APGH,Hornsey,00AP,Haringey,66.1,14.5,29.5,8.6,13.8,0.6,57.5,74.7,83.2,79,18.1,73.7,8.2,31,32.2,10.5
167,12900,00AGGW,Swiss Cottage,00AG,Camden,87,14.5,16.5,2.9,9,0.6,68.6,81.6,85,83.3,16.5,71.9,11.6,32.4,51.2,17.8
168,10712,00BAFZ,Colliers Wood,00BA,Merton,92.8,14.5,12.6,3.5,13.3,0.7,62.9,77.6,83.3,80.4,14.2,77.7,8.1,40.1,47.2,16.3
169,16404,00BBGS,Plaistow South,00BB,Newham,125.3,14.5,25.1,10.5,21.8,0.6,102.3,75.4,83.4,79.4,25.1,68.3,6.6,67.3,51.7,21.9
170,18818,00ACGH,Golders Green,00AC,Barnet,83.3,14.6,13.3,4.5,16.4,1,98.7,78.3,84.2,81.2,27.2,60.8,12,34.2,45.8,17.5
171,11653,00AQGA,Edgware,00AQ,Harrow,63.9,15,10.3,4.3,22.5,1.1,91,79.6,83.9,81.8,20.3,68.3,11.4,65.3,56.5,24.8
172,13206,00BGGM,Weavers,00BG,Tower Hamlets,195.8,15,43.4,11.7,20.6,0.3,55.1,78.9,82.2,80.6,17.3,75.7,7,47.9,41.2,16.7
173,20049,00ACFZ,Childs Hill,00AC,Barnet,107.1,15.1,12.5,6.2,13.7,0.8,69,77.4,82,79.7,19.2,68.4,12.4,38.9,51.2,23
174,9275,00BAGB,Dundonald,00BA,Merton,79,15.2,3.7,1.4,7.8,0.8,77.3,80,90.1,85,16.5,73.7,9.8,18.1,35.6,7.3
175,12613,00AGGF,Camden Town with Primrose Hill,00AG,Camden,411.2,15.2,30.5,5.4,11.7,0.5,56.3,79.6,84.4,82,15.4,73.3,11.3,26.4,38.8,12.1
176,15811,00ACGN,Oakleigh,00AC,Barnet,59.6,15.3,7.3,3.7,14.7,1.3,72.5,78.9,84.3,81.6,19.1,64.5,16.4,26.7,28.5,8.6
177,14051,00AKGL,Bowes,00AK,Enfield,61.8,15.3,10.7,6.8,16.7,0.8,85.4,78.5,83.8,81.2,17.2,72.2,10.6,38.6,47.5,23.3
178,8675,00AWGJ,Norland,00AW,Kensington and Chelsea,91,15.3,38.5,5.4,14.2,0.6,73.9,87,88.6,87.8,17.5,67.7,14.8,25.6,40.7,14.4
179,14941,00BEGE,Cathedrals,00BE,Southwark,208.6,15.3,42.8,7.1,12.7,0.4,26.6,75,93.3,84.2,10.7,81.9,7.4,38.4,40,10.4
180,12828,00AQGQ,Roxbourne,00AQ,Harrow,53.5,15.4,25.4,5.7,19.2,1,62.1,75,84.5,79.8,24.5,65.7,9.8,66.3,48.4,20.9
181,15162,00AKGZ,Palmers Green,00AK,Enfield,80.2,15.4,9,5.7,20.6,1,64.8,78.9,83.3,81.1,18.8,67.9,13.3,35.4,41.4,18.1
182,12875,00ALGQ,Blackheath Westcombe,00AL,Greenwich,76.4,15.5,22.4,3.4,12.1,0.8,69.3,79.4,83.8,81.6,16.3,68.7,15,16.9,23,5.2
183,10633,00BKGK,Little Venice,00BK,Westminster,101.8,15.5,18.5,3.7,11.5,0.6,70,80.2,92.5,86.4,17.2,73,9.8,35.6,52.6,19.9
184,13670,00AMGQ,Queensbridge,00AM,Hackney,149.1,15.6,50.1,12.2,18.8,0.4,69.8,75.9,82.6,79.2,17.5,74.3,8.2,44.7,38.3,11.8
185,9798,00BAGP,Trinity,00BA,Merton,117,15.7,11.9,2.8,9.2,0.8,93.8,80.6,83.9,82.2,16.9,74.9,8.2,22.2,36.1,9.8
186,12288,00ATGH,Heston Central,00AT,Hounslow,78.6,15.8,19.5,4.6,17.3,1.1,80.8,77.2,83.2,80.2,20.8,68.3,10.9,76.6,54.7,23.9
187,11264,00AGGK,Gospel Oak,00AG,Camden,79.1,15.9,45.9,6.3,17.8,0.5,53.7,74.9,82.5,78.7,19.6,68.2,12.2,30.1,34.9,10.4
188,14358,00AUGC,Finsbury Park,00AU,Islington,182.9,15.9,43.4,9.6,20.6,0.3,46.8,74.2,78.8,76.5,18.4,73.1,8.5,42.9,41.6,17.5
189,14296,00AHGY,Shirley,00AH,Croydon,39.6,16,18.5,4.7,19.1,1.2,71.4,83,85.4,84.2,20.6,62.7,16.7,30.9,19.7,3.9
190,14906,00AKHE,Town,00AK,Enfield,54.5,16,6.1,3.8,17.4,1.2,61.6,79.9,83.8,81.8,20.2,64.9,14.9,18,17.1,4.4
191,9867,00ABGM,Valence,00AB,Barking and Dagenham,88.6,16,37.4,9.5,32.1,0.8,101.1,72.6,78,75.3,25.7,62.2,12.1,31.5,23.3,7.1
192,16476,00AHGS,Norbury,00AH,Croydon,77.4,16.1,13.8,6.6,16.2,1,73.7,81.5,82.8,82.2,21,65.6,13.4,62.3,43.6,13
193,15560,00AFGK,Clock House,00AF,Bromley,51.4,16.3,12.6,3.7,15.2,1,77.7,78.8,84.7,81.8,19.8,68.7,11.5,20.6,17.3,3.9
194,14579,00AJGZ,Southall Green,00AJ,Ealing,102.7,16.3,13.6,10.9,23.6,0.9,111.7,75.9,87.1,81.5,22.3,69.5,8.2,91.4,63.3,36.7
195,10785,00ANGM,Ravenscourt Park,00AN,Hammersmith and Fulham,107.6,16.3,23.2,3.4,9.9,0.6,47,78.3,86.2,82.2,17.6,71,11.4,26.7,37.3,11.6
196,16903,00AEHA,Saintnebridge,00AE,Brent,119.9,16.3,62.3,13.7,25.9,0.6,72.6,75.1,87.9,81.5,28.2,63.1,8.7,76.5,48.8,17.2
197,18472,00ACGK,Hendon,00AC,Barnet,81.9,16.4,12.1,4.7,13.5,1,88.4,80.1,85.3,82.7,20.1,68,11.9,36.3,48.2,20.3
198,10575,00ABGP,Whalebone,00AB,Barking and Dagenham,90.7,16.4,12.3,6.9,24,1,84,81,84.1,82.6,23.7,64.7,11.6,44,29.2,8.4
199,13896,00AUFZ,Caledonian,00AU,Islington,116.7,16.4,44.7,6.3,21,0.4,49.2,75.5,81.9,78.7,15.2,75.8,9,34.7,37.3,14.4
200,15771,00AYGU,Tulse Hill,00AY,Lambeth,95.8,16.6,43.2,11,14.7,0.5,63.2,77.4,81.4,79.4,21,72.4,6.6,52.6,38.6,11.3
201,12025,00AUGH,Junction,00AU,Islington,99.9,16.6,43.3,6.9,16.8,0.4,40,77,83.3,80.2,15.4,73.9,10.7,30.6,34.7,11.5
202,15756,00AZGR,New Cross,00AZ,Lewisham,144.9,16.6,40.5,10,17.9,0.5,74.9,73.7,78.2,76,20.2,73.9,5.9,59.7,46.6,15.3
203,13194,00ARGU,Squirrel's Heath,00AR,Havering,52.7,16.7,8.8,3.9,20,1.3,63,81.6,89.5,85.6,17.8,65.9,16.3,11.5,9.4,1.3
204,15448,00BJGB,Earlsfield,00BJ,Wandsworth,68,16.7,21.7,3.1,11.9,0.7,68.1,76.1,84.2,80.2,15,78.3,6.7,27.7,33.4,8.2
205,13672,00BCGM,Mayfield,00BC,Redbridge,80.2,16.8,7.6,7,20.5,1.2,111.4,78.1,82.9,80.5,24.3,64.1,11.6,73.3,41.1,13.5
206,14143,00AYGW,Vassall,00AY,Lambeth,100.4,16.8,53.2,11,16,0.4,47.1,74.3,82.1,78.2,18,74.8,7.2,52.7,40,12.1
207,14983,00AUGG,Holloway,00AU,Islington,79.4,16.9,46.5,6.2,18.8,0.4,35,72.8,81.1,77,15.6,76.2,8.2,36.1,39.6,14.9
208,14166,00BGFX,Bethnal Green South,00BG,Tower Hamlets,128.5,16.9,44.9,10.9,21.4,0.3,51,77.1,87.3,82.2,19.7,75,5.3,64.3,45.5,23.1
209,12133,00AEGS,Kenton,00AE,Brent,59.7,17,5.6,2.6,17.3,1.4,57.9,83.7,86.2,85,16.7,66.1,17.2,70,53.9,19.6
210,16256,00BJGP,Southfields,00BJ,Wandsworth,72.3,17,14.7,2.8,10.1,0.7,70,78.9,89.8,84.4,18.5,73.8,7.7,24.4,34.8,9
211,13449,00AHGK,Coulsdon West,00AH,Croydon,41.2,17.1,4.6,2.7,15.1,1.5,58.7,80,82.8,81.4,20.1,64.6,15.3,25.2,16.9,2.4
212,15392,00AFGL,Copers Cope,00AF,Bromley,69.5,17.1,9.2,3.1,12.1,1,61.5,77.4,82.4,79.9,13.2,70,16.8,17.4,20.3,4.6
213,11267,00ABGE,Goresbrook,00AB,Barking and Dagenham,82.9,17.1,37.3,9.6,30,0.8,97.4,79.3,81.4,80.4,26.6,63.4,10,33.3,26.8,7.7
214,14727,00AMGE,Dalston,00AM,Hackney,198,17.1,38.9,12,15.9,0.4,57.2,80.9,79.8,80.4,16.5,77.3,6.2,44.5,40.8,14
215,10965,00ADGF,Christchurch,00AD,Bexley,110.8,17.3,3.9,3.3,21,1.2,61.9,77.8,80.9,79.4,18.1,63.6,18.3,13.4,11.5,2.3
216,9839,00ABGJ,Parsloes,00AB,Barking and Dagenham,79.2,17.5,36.4,9.5,31.8,0.8,94.1,76.8,81.8,79.3,26.2,62.6,11.2,30.9,23.3,6.6
217,16518,00AHGZ,South Norwood,00AH,Croydon,100.5,17.5,20.7,9.6,15.9,0.7,75.6,75.6,84.4,80,21.3,68.8,9.9,52.3,32.1,8.2
218,14873,00AJGX,South Acton,00AJ,Ealing,106.8,17.5,33.9,7.3,16.2,0.7,62.9,76.4,79.8,78.1,20.5,68.4,11.1,43.5,50.5,23.4
219,16569,00AHGM,Fairfield,00AH,Croydon,261.1,17.5,15.5,4.2,12.3,0.6,74.2,79.2,80.9,80,17.6,70.7,11.7,48.7,42.3,13.7
220,17374,00AKHG,Upper Edmonton,00AK,Enfield,125.1,17.6,29.8,11.7,28.3,0.8,88.4,75.4,76.7,76,25.8,65,9.2,58,48.4,22.7
221,11444,00BHGQ,Valley,00BH,Waltham Forest,145.1,17.6,17.9,8.1,26.1,1.1,75.2,77.5,80.9,79.2,21.1,65.5,13.4,38.4,25.6,7.9
222,11658,00ASGK,Cavendish,00AS,Hillingdon,43.1,17.7,7.3,2.4,17.2,1.4,59.2,80.6,84,82.3,20.6,63.7,15.7,19.7,16.7,3.7
223,14017,00AEGJ,Alperton,00AE,Brent,103.1,17.7,12.1,4.5,22.1,0.9,87.6,76.7,87,81.8,19,71.5,9.5,81.8,66.8,32.3
224,17489,00AHHD,West Thornton,00AH,Croydon,112.2,17.7,15.7,7.9,17.9,0.8,81.5,77.6,82.5,80,25.1,65.4,9.5,76.5,46.5,15.1
225,11409,00ATGN,Hounslow South,00AT,Hounslow,54.8,17.9,5.1,2.9,15.7,1.3,60.7,83.6,88.7,86.2,19.3,68.2,12.5,45.1,38.7,13.2
226,11173,00AQGJ,Kenton West,00AQ,Harrow,57.1,17.9,3,3,17.9,1.4,64.8,82,86.6,84.3,17.9,67.8,14.3,72.6,51.3,20.4
227,11442,00ASGS,Manor,00AS,Hillingdon,56,18,4.1,2,17,1.3,53.6,80,83.1,81.6,20.2,64.1,15.7,16,16.2,3.6
228,10163,00BFGR,The Wrythe,00BF,Sutton,56.2,18,14.7,4.1,22.2,1.1,63.8,77.5,83.9,80.7,19.9,65.8,13.9,21.9,19.8,4.8
229,11740,00AGGH,Fortune Green,00AG,Camden,80.4,18,16.7,5,9.2,0.6,52.6,80.7,84.8,82.8,15,75.3,9.7,29,43.4,16.1
230,16826,00AFGG,Bromley Town,00AF,Bromley,155.7,18,10,3.3,13.1,1,73.4,78,81.1,79.6,19.4,66.7,13.9,18.5,19.9,4.9
231,11624,00ABGC,Eastbury,00AB,Barking and Dagenham,87.6,18.1,37.4,10.2,28.9,0.8,90.9,79.9,85.2,82.6,26.9,63.6,9.5,41.7,32.2,11.9
232,11794,00AUGF,Hillrise,00AU,Islington,69.3,18.3,45.3,7.6,17.9,0.5,56.8,74.9,80.6,77.8,19.2,71.8,9,33.7,32.9,10.4
233,14906,00AYGR,Sainteatham Wells,00AY,Lambeth,81.4,18.3,20.8,6.2,13.9,0.6,68.6,75.4,77.7,76.6,19.3,72.4,8.3,43.1,41.2,14.2
234,18087,00AHGW,Selhurst,00AH,Croydon,140.2,18.3,27.1,9.9,18.9,0.6,77.3,73.9,78.9,76.4,24.6,66.7,8.7,65.6,40.1,11.5
235,11663,00AQGR,Roxeth,00AQ,Harrow,64.1,18.4,9.5,5.2,17.3,1.2,69.2,81.6,82.6,82.1,22.8,66.2,11,66.3,48.4,19.8
236,10730,00BHGB,Endlebury,00BH,Waltham Forest,55,18.5,14.7,4.8,23.5,1.3,54.9,80.4,84.4,82.4,18.6,64.5,16.9,22.4,17.5,3.8
237,15504,00BJGE,Furzedown,00BJ,Wandsworth,54,18.8,16.8,6.5,15.5,0.7,74.2,77.2,81.4,79.3,22,68.2,9.8,43.1,36.7,12.9
238,13334,00ARGS,Saint Andrew's,00AR,Havering,82,18.8,11.3,3.7,26.2,1.2,65.7,77.1,79.1,78.1,16.4,62.7,20.9,7.2,7.7,1.6
239,9485,00BAGJ,Merton Park,00BA,Merton,69.5,18.9,3.9,2.5,11.5,1,57.1,84.5,88.5,86.5,19.5,65.9,14.6,29.2,35.5,10.1
240,10048,00BFGE,Belmont,00BF,Sutton,30.5,19,10,3,13.7,1.2,65.5,78.6,82.1,80.4,17.8,65.8,16.4,22.2,22.1,4.8
241,10273,00BAGF,Lavender Fields,00BA,Merton,68,19,20.4,5.7,18.1,0.8,76.2,80.8,80.9,80.8,20.3,72.4,7.3,46.8,46.1,19.6
242,15790,00AHGL,Croham,00AH,Croydon,73.3,19.1,8.3,4.4,12,1,77.8,78.9,83.3,81.1,18.2,69.8,12,31.3,24.3,6.5
243,15474,00AEGX,Preston,00AE,Brent,86.3,19.1,12.6,4.9,17.5,1,100.4,80.1,86.2,83.2,20.4,67.2,12.4,70,57.3,22.8
244,15281,00AEGY,Queens Park,00AE,Brent,115,19.1,19.9,6.9,13.3,0.7,76.3,80.4,87.9,84.2,18,73.4,8.6,37,41.9,14.4
245,13904,00AMGJ,Haggerston,00AM,Hackney,382.1,19.1,44.1,10.4,16.1,0.3,39.8,73.8,84.1,79,16,78.3,5.7,45.6,45.9,17.4
246,12759,00BKGU,Westbourne,00BK,Westminster,99,19.2,48.5,10,22.4,0.4,69,73.8,78,75.9,21.8,68.7,9.5,52.8,51.5,24.1
247,17575,00ACGT,Woodhouse,00AC,Barnet,92.8,19.3,11.5,4.5,15.7,1,57.8,78.6,81.1,79.8,18.7,67.7,13.6,37.6,41,16.2
248,13897,00AJGP,Lady Margaret,00AJ,Ealing,64.1,19.4,7.3,6.1,19.8,1.3,91.3,78.2,81.9,80,20.2,68.8,11,83.5,55.9,25.2
249,16082,00AHHB,Upper Norwood,00AH,Croydon,85.7,19.5,20.6,7.7,16.6,0.9,82.2,78.1,82.8,80.4,21,68,11,51.3,33.9,9
250,18706,00AJGH,East Acton,00AJ,Ealing,144.3,19.6,22.1,7.8,15,0.7,62.3,80.1,85.6,82.8,19.3,72.5,8.2,50.1,54.4,22.4
251,12786,00ABFX,Abbey,00AB,Barking and Dagenham,172.5,19.6,26.7,8.7,16.4,0.5,103.7,82.9,87.2,85,24.4,70.6,5,71.9,57.3,25.7
252,10373,00AQGU,West Harrow,00AQ,Harrow,45.4,19.7,9.6,3.7,13.4,1.1,60.8,81.4,82.6,82,20.3,66.7,13,55.8,42.9,14.4
253,13641,00AYGT,Thurlow Park,00AY,Lambeth,103.6,19.7,27.1,5.9,12.7,0.7,61.1,76.8,84,80.4,21.1,70.1,8.8,36.3,30.3,8.7
254,15105,00AEHC,Tokyngton,00AE,Brent,132.9,19.7,12,4.7,19.4,0.9,99.6,80.5,86.6,83.6,18.4,70.3,11.3,76.3,62.9,26.6
255,10650,00BFGS,Wallington North,00BF,Sutton,60,19.9,12.9,3.3,16.4,1.1,77.5,78.9,81.3,80.1,19.9,67.6,12.5,19.6,16.6,4.4
256,13241,00BCGD,Clayhall,00BC,Redbridge,66.7,19.9,4.9,3.6,17,1.4,63.8,84,85.4,84.7,21.9,63.8,14.3,71,38.8,10.9
257,13062,00ALGS,Coldharbour and New Eltham,00AL,Greenwich,60,20,23.5,4.9,25.4,1.1,75.2,79,83.6,81.3,18.6,64.5,16.9,18.3,15.6,3.6
258,12629,00BEGW,South Camberwell,00BE,Southwark,72.6,20,37.9,6.8,12.4,0.6,56.9,76.4,84.6,80.5,19.7,73.2,7.1,44.1,35.8,7.7
259,14638,00APGM,Saint Ann's,00AP,Haringey,91.5,20,23.6,11.3,20.4,0.5,76.2,73.6,81.8,77.7,18.2,73.3,8.5,45.7,54.7,25.9
260,17243,00AYGJ,Larkhall,00AY,Lambeth,113.7,20,41.4,7.3,13.9,0.4,38.8,74,79.2,76.6,16.7,77.1,6.2,43.3,42.2,13
261,13620,00BEGP,Nunhead,00BE,Southwark,98.5,20.1,47.4,11.3,21.1,0.5,70.4,71.2,77.3,74.2,19.6,71.5,8.9,55.5,39,9.1
262,13330,00AJHB,Walpole,00AJ,Ealing,100.1,20.1,12,3.6,10.2,0.8,66.8,79,85.5,82.2,18,71.5,10.5,27.1,38,14.1
263,14727,00AEHE,Wembley Central,00AE,Brent,156.3,20.1,15.6,6,20.7,0.8,88.1,76.8,88.2,82.5,18.2,72.1,9.7,86,68.5,32.9
264,18217,00ACFY,Burnt Oak,00AC,Barnet,67.8,20.2,35.5,6.9,23.6,0.8,94.3,74.7,82.1,78.4,24.6,66.1,9.3,53.5,47.1,19.3
265,12452,00ABGD,Gascoigne,00AB,Barking and Dagenham,135.2,20.3,54,12.2,25.5,0.5,130.2,73.4,83.6,78.5,31.5,62.4,6.1,60.4,48.2,18.7
266,14742,00BJGU,West Putney,00BJ,Wandsworth,51.6,20.5,22.9,3.8,14.5,0.8,50.4,75.6,79.9,77.8,17.8,68.9,13.3,22.9,34.4,9.5
267,13232,00AMGC,Chatham,00AM,Hackney,134.3,20.5,51,14.1,21.1,0.4,63.2,72.5,81.4,77,22,71.1,6.9,54.4,41.3,14.4
268,13787,00AKHD,Southgate Green,00AK,Enfield,65.9,20.6,12,4.3,16.3,1.1,57.8,78.2,85.2,81.7,18.1,66.6,15.3,33.2,36.2,14
269,14937,00AZGH,Crofton Park,00AZ,Lewisham,70.7,20.7,16.8,5.9,15.3,0.7,84.4,78.5,86.4,82.4,19.5,71.4,9.1,39.6,30.1,7
270,14262,00AYGL,Prince's,00AY,Lambeth,142.1,20.7,47.1,8.9,16.3,0.4,65.9,74.5,81.5,78,16.9,73.8,9.3,43.4,38.5,12.4
271,17098,00ACGA,Colindale,00AC,Barnet,68.8,20.8,34.3,4.8,18,0.8,68.6,76.4,84.6,80.5,22.2,69.4,8.4,59.9,52.7,23.2
272,10923,00ABGK,River,00AB,Barking and Dagenham,92.8,20.8,25.7,8.6,29.9,0.8,80.4,73.2,77.9,75.6,26.9,63,10.1,38.4,30.9,9.6
273,11306,00ANGF,Fulham Reach,00AN,Hammersmith and Fulham,98.4,20.9,31.9,3.8,11.7,0.5,40.9,82,92.7,87.4,12.6,78.9,8.5,30.5,43.6,14
274,13231,00AMGT,Victoria,00AM,Hackney,109.7,20.9,52.3,12.5,19.5,0.4,62.9,79.4,86.8,83.1,20.6,72,7.4,44.2,34,10.4
275,16238,00BGGH,Saint Dunstan's and Saintpney Green,00BG,Tower Hamlets,99.2,21.2,54,11.7,26.9,0.4,92.9,71.6,77.3,74.4,23.7,67.8,8.5,65.2,39.8,19.8
276,9752,00BDGP,Whitton,00BD,Richmond upon Thames,57,21.3,9.8,2.8,17,1.2,76.8,79.7,85.8,82.8,19.3,64.4,16.3,21.5,23.3,6.7
277,16760,00BCGP,Newbury,00BC,Redbridge,73.4,21.4,10,6.5,17.4,1.1,84.5,78.8,83.8,81.3,25.4,65.5,9.1,77.2,47.5,17.6
278,10712,00BFGL,Saintnecot,00BF,Sutton,52.6,21.5,3.7,2.8,20.5,1.4,45.6,78.7,85.2,82,20.6,64.9,14.5,20.9,18.1,5.2
279,9431,00AXGH,Old Malden,00AX,Kingston upon Thames,34,21.6,9.1,2.3,15.7,1.4,62.6,82.4,85.9,84.2,19.9,64.4,15.7,30.8,27.3,8.4
280,14648,00AZGM,Grove Park,00AZ,Lewisham,69.9,21.6,26.7,7.1,22.5,0.9,66.4,77.2,82.2,79.7,20.8,66.6,12.6,37.5,26.9,7
281,11634,00AUGD,Highbury East,00AU,Islington,96.6,21.6,31.1,4.7,13.4,0.5,64.2,76.7,80.5,78.6,17,73.3,9.7,23.5,30.9,9.3
282,14810,00BBGD,Canning Town North,00BB,Newham,125.7,21.7,49.3,14.4,25.7,0.5,72.4,74.6,75.9,75.2,23,69.3,7.7,59.2,47.9,18.6
283,9343,00AWGQ,Saint Charles,00AW,Kensington and Chelsea,85.1,21.9,58.7,9.4,21.5,0.5,59.5,78.9,82.3,80.6,19.1,69.7,11.2,37.6,37.8,13.5
284,15098,00AFGD,Bickley,00AF,Bromley,45.3,22.1,7,2.4,14.5,1.4,57.7,78.3,81.5,79.9,19.2,61,19.8,14.5,15.7,2.7
285,10411,00AQGM,Pinner South,00AQ,Harrow,0.9,22.2,6.7,1.9,11.4,1.4,61.1,82.7,93.1,87.9,21.2,61.7,17.1,40.6,29.4,6.8
286,14721,00AHGF,Ashburton,00AH,Croydon,62.7,22.2,21.5,5.4,19.5,1.1,60,78.5,82.3,80.4,21.8,65,13.2,36.7,22.3,4.8
287,14854,00AZGL,Forest Hill,00AZ,Lewisham,78.2,22.2,26.4,7.6,13.9,0.7,74.1,76.5,80.4,78.4,21.1,68.9,10,38.2,31.1,8.2
288,14019,00AJGG,Ealing Common,00AJ,Ealing,91.3,22.2,14.6,4.8,10.8,0.9,49.6,77,86.3,81.6,15.2,73.5,11.3,31.5,43.1,15.4
289,9618,00BKGD,Churchill,00BK,Westminster,107.2,22.2,49.8,6.8,19.1,0.4,46,74.6,81.9,78.2,20.1,67.1,12.8,39.4,44.4,17.4
290,11655,00BFGW,Worcester Park,00BF,Sutton,42.3,22.3,6.4,2.4,17.2,1.2,83,81.1,83.7,82.4,20.8,65.8,13.4,20,21.5,6.1
291,12526,00AYGS,Thornton,00AY,Lambeth,59.9,22.4,39.1,5.9,14.2,0.6,65.8,79,85.2,82.1,20.7,71.4,7.9,40.5,37,10.1
292,10385,00ABFY,Alibon,00AB,Barking and Dagenham,93.2,22.4,36.8,10.2,31.2,0.8,103.7,76.3,80.9,78.6,26.4,63.2,10.4,29.9,24.7,7.9
293,11977,00ATGQ,Isleworth,00AT,Hounslow,83.3,22.6,34.1,4.9,19.9,0.9,89.7,74.9,82.9,78.9,21.3,68.9,9.8,34.8,33.8,11.7
294,12700,00BHFY,Cathall,00BH,Waltham Forest,84.2,22.6,38.5,13.2,19.3,0.5,79.3,74.9,81.6,78.2,21.4,71.8,6.8,61,50.1,20
295,14349,00AJGL,Greenford Green,00AJ,Ealing,87,22.6,9.7,4.8,17.8,1.1,94.4,79,84,81.5,21,67.1,11.9,49,50.1,21.9
296,16603,00AZGK,Evelyn,00AZ,Lewisham,95.7,22.6,57.3,10.2,19.1,0.4,65.5,76.7,84,80.4,23.2,70.8,6,60.9,44.8,16
297,9578,00AXGN,Tudor,00AX,Kingston upon Thames,42.7,22.7,7.5,1.9,10.1,1.2,61.7,82.5,86.4,84.4,22.9,63.5,13.6,17.6,23.9,6.1
298,11479,00AHGN,Fieldway,00AH,Croydon,64.7,22.8,60.6,11,34.4,0.8,78.1,75.4,78.6,77,31.1,58.8,10.1,34.4,19.3,4.1
299,14039,00AMGM,Leabridge,00AM,Hackney,84.4,23,32,11.4,18.5,0.5,71.9,73.7,78.1,75.9,21.1,71.9,7,52.7,40.7,17.3
300,11240,00BAGC,Figge's Marsh,00BA,Merton,99,23,27.3,9.1,21,0.8,114.6,75.9,80.2,78,23.1,67.6,9.3,57.4,44.9,16.3
301,14429,00APGL,Northumberland Park,00AP,Haringey,124.1,23,48.6,20.8,29.2,0.5,81.7,73.8,84,78.9,27,65.1,7.9,60.9,53.5,25.5
302,10536,00BFGQ,Sutton West,00BF,Sutton,39.9,23.1,3.9,2.5,13.5,1.1,63.2,79.4,82.2,80.8,18.1,68,13.9,23,25.1,7.8
303,14390,00BEGS,Riverside,00BE,Southwark,147.9,23.2,34.3,4.7,13.5,0.5,50,78,80.8,79.4,12.4,81.2,6.4,31.2,40.5,12.7
304,11984,00AQGN,Queensbury,00AQ,Harrow,55.4,23.3,3.9,3.2,20.8,1.2,68.8,77.7,85.2,81.4,21.2,67.2,11.6,75,57.5,26.2
305,15986,00BGGD,Limehouse,00BG,Tower Hamlets,84.2,23.4,41.2,11.7,21.9,0.5,70.3,77,79.3,78.2,22.3,71.5,6.2,56.8,43.8,19.7
306,15968,00APGN,Seven Sisters,00AP,Haringey,95.2,23.4,31.8,10.3,24.4,0.5,90.7,77.6,89.3,83.4,27,65.7,7.3,41.2,49.1,22.5
307,11172,00BDGH,Saint Margarets and North Twickenham,00BD,Richmond upon Thames,55.1,23.5,4,1.6,6.6,1.1,61.7,84.1,94.5,89.3,21.8,68.7,9.5,12.3,23.3,4.8
308,15575,00BBGJ,East Ham South,00BB,Newham,92,23.5,31.1,10.4,24.3,0.7,100,74.9,80.2,77.6,27.9,64.7,7.4,67.7,46.6,19.7
309,10955,00AXGF,Grove,00AX,Kingston upon Thames,366.4,23.6,13.2,2.2,8.5,0.8,52.9,77.7,88.8,83.2,12.9,77.7,9.4,23.2,31.4,11.2
310,10483,00AXGK,Saint Mark's,00AX,Kingston upon Thames,63.1,23.9,6.7,2.9,6.7,0.9,54.8,81.4,81.3,81.4,11.1,80.7,8.2,21.3,29.1,8.9
311,12262,00ARGH,Hacton,00AR,Havering,32.8,24.1,4.4,3.1,25.3,1.3,45.4,80.6,85.2,82.9,16.6,63.7,19.7,7.3,7.3,1.7
312,14916,00AZGT,Rushey Green,00AZ,Lewisham,140.6,24.1,26.9,9.2,18,0.6,78.2,75.2,80.1,77.6,22,69,9,59.1,38,10.2
313,11557,00BEGJ,East Walworth,00BE,Southwark,166.9,24.1,53.9,7.4,20.8,0.4,58.2,74.5,81.9,78.2,18.5,73.2,8.3,51.8,43.8,13.7
314,15110,00BGGK,Shadwell,00BG,Tower Hamlets,77.9,24.2,42.7,14.8,21.3,0.4,78.3,81,95.2,88.1,22.4,71.3,6.3,64.4,45.1,23.2
315,15929,00ACGG,Garden Suburb,00AC,Barnet,82.1,24.2,4.9,2,8.2,7.2,73.5,82.7,87.3,85,20.4,63.3,16.3,21.4,36,10.9
316,16769,00AFGN,Cray Valley West,00AF,Bromley,84.7,24.2,33.5,7.1,28.5,1.1,68.2,76.6,82.6,79.6,23.6,61.5,14.9,13.9,10.9,2.5
317,15427,00AJGC,Acton Central,00AJ,Ealing,100.9,24.2,23.3,6.6,14.3,0.7,75.1,81.3,90.7,86,19.7,70.7,9.6,40,48.3,21
318,9738,00BAGM,Raynes Park,00BA,Merton,48.3,24.4,10.7,1.8,9.7,1,82.3,80,83.8,81.9,19.2,67.1,13.7,19.8,33.4,8.7
319,13651,00AFGY,Petts Wood and Knoll,00AF,Bromley,37.6,24.6,2.7,2.1,15.2,1.4,61.4,84.2,88.5,86.4,18.3,60.8,20.9,9.2,10.6,1.8
320,12519,00ALGT,Eltham North,00AL,Greenwich,59.9,24.6,17,4.1,20,1.1,57.9,77.9,86,82,18.6,64.8,16.6,11.3,13.9,3.4
321,11758,00APGP,Saintoud Green,00AP,Haringey,69.9,24.6,22.9,5.5,10.1,0.6,40,77,89.9,83.4,16.3,76.8,6.9,25.9,31.3,9
322,12488,00APGE,Fortis Green,00AP,Haringey,71.2,24.6,11.2,3.5,9.2,0.9,49.2,81.5,87.3,84.4,21.3,67.7,11,20.1,27.5,8.3
323,10285,00BFGH,Cheam,00BF,Sutton,45.3,24.7,2.5,1.9,14.6,1.5,46.3,82.3,83,82.6,19.8,60.5,19.7,21.2,18.6,3.3
324,12910,00BCGH,Fullwell,00BC,Redbridge,76.8,24.9,14.9,6.1,23.4,1.2,75.1,78.8,83.2,81,21.5,62.9,15.6,48.5,29.6,8
325,15106,00AYGK,Oval,00AY,Lambeth,146.2,24.9,34.8,6,13,0.4,42.1,77.1,79.8,78.4,14,78.8,7.2,36.9,42.6,15
326,12760,00ANGN,Sands End,00AN,Hammersmith and Fulham,73.8,25,33.9,4.2,12.8,0.6,48.6,78.2,81.8,80,17.9,73.7,8.4,30.6,39,11.8
327,13403,00AKHH,Winchmore Hill,00AK,Enfield,54.1,25.2,6.4,3.9,15.4,1.2,68.8,78.5,81.5,80,18.4,66.7,14.9,23.8,27,8.1
328,17326,00AFGX,Penge and Cator,00AF,Bromley,97.7,25.2,29.8,7.4,17,0.8,70.5,75.5,80.6,78,20.8,69.5,9.7,34.6,25.8,6.4
329,13725,00APGB,Bounds Green,00AP,Haringey,92.6,25.3,28.4,8.5,17.3,0.6,61.9,74.2,81.6,77.9,18.7,72.1,9.2,39.8,48.5,21.5
330,13517,00AJGQ,Northfield,00AJ,Ealing,49,25.6,6.7,2.6,8.7,0.9,63.4,84.2,85.2,84.7,18.8,70.2,11,23.2,36.2,11.1
331,14515,00AZGN,Ladywell,00AZ,Lewisham,90.7,25.6,23.6,6.1,12.8,0.7,63.6,74.5,79.2,76.8,18.3,72.8,8.9,45.4,35.4,9.4
332,13712,00AYGF,Gipsy Hill,00AY,Lambeth,94.3,25.7,33.5,7.3,13.9,0.5,70.1,77.2,83,80.1,22.5,69.4,8.1,44.9,30.6,7.7
333,10844,00ADGW,Sidcup,00AD,Bexley,53.1,25.8,6.7,2,19.1,1.2,43.7,76.4,78.8,77.6,15.8,64.2,20,10.1,10.6,2.2
334,12952,00ARGM,Hylands,00AR,Havering,61.9,26,7.2,3.2,23.7,1.4,43.1,77.8,84.5,81.2,17.6,66.2,16.2,9.7,7.9,1.7
335,11949,00BFGK,Saint Helier,00BF,Sutton,75.5,26,40.5,7.5,27.3,1,86.2,75.8,81.1,78.4,24.2,65.2,10.6,25.5,22.6,8.1
336,17625,00AJGK,Greenford Broadway,00AJ,Ealing,113.5,26.2,23.4,7.6,21.9,0.9,93.5,77.4,81.2,79.3,23.4,65.6,11,57.3,48.6,22.2
337,13979,00ASHA,Uxbridge South,00AS,Hillingdon,123,26.2,22.2,3.9,14.1,1,36.6,75.1,81.8,78.4,13.3,77.1,9.6,37.9,30.9,10
338,15311,00AFGW,Orpington,00AF,Bromley,77.6,26.3,15.8,4.8,22.3,1.2,57,79.1,84.6,81.8,19.2,59.6,21.2,12.6,11.9,2.3
339,10858,00ADGL,East Wickham,00AD,Bexley,45.3,26.5,12.6,4.6,26.4,1.2,71.2,79,84,81.5,18.9,63.1,18,16.9,13.4,3.2
340,12378,00AMGR,Springfield,00AM,Hackney,64.6,26.5,47,10.8,31.7,0.4,126.5,80.2,84.2,82.2,33.2,59.9,6.9,44.9,39.4,18.2
341,10109,00AXFZ,Beverley,00AX,Kingston upon Thames,74.5,26.5,11.5,2.9,15.2,1,66.1,76.8,80,78.4,20.7,66.4,12.9,32.6,32.4,13.3
342,14336,00AYGQ,Sainteatham South,00AY,Lambeth,69.7,26.6,15.5,7.6,17,0.8,69.3,81.3,84.5,82.9,20.7,68.4,10.9,52.5,44.5,15.8
343,15318,00BBGQ,Manor Park,00BB,Newham,83.3,26.6,22.5,10.9,20.7,0.7,97.6,75.3,79.5,77.4,23.5,69.4,7.1,81.5,56.2,27.6
344,15996,00BBGE,Canning Town South,00BB,Newham,86.2,26.6,36,9.2,22.6,0.5,59.8,74.5,85.9,80.2,21.1,71.8,7.1,54.5,47.5,19.9
345,13425,00AEGM,Dollis Hill,00AE,Brent,94.9,26.6,22.1,8,24.4,0.9,81.2,79.8,87.5,83.6,25.1,63.6,11.3,64.3,54.5,22
346,12330,00ATGC,Cranford,00AT,Hounslow,105,26.6,29.1,6,20.2,1,117.4,78.4,86.8,82.6,21.4,68.5,10.1,73.9,56.2,26.5
347,9987,00BDGK,South Twickenham,00BD,Richmond upon Thames,41.4,26.7,6.6,1.3,6.4,1.1,74.1,82.5,87,84.8,18.5,71.2,10.3,9.7,18.8,4
348,15561,00AJGM,Hanger Hill,00AJ,Ealing,73.2,26.7,4.7,3.3,9.2,1,71.1,83.2,88.2,85.7,19,68.2,12.8,43.1,53.1,23.8
349,14514,00APGU,Woodside,00AP,Haringey,99.2,26.8,23.2,9.2,20,0.6,59,74,84.4,79.2,19.2,72.3,8.5,43.2,54.2,25.6
350,16556,00BJGM,Saint Mary's Park,00BJ,Wandsworth,89.3,26.9,21.8,4.8,11.4,0.7,64.6,72.5,76.2,74.4,13.9,75.7,10.4,28.2,38.9,11.3
351,14767,00ASGW,Pinkwell,00AS,Hillingdon,97.8,26.9,20.4,6,22,1.2,94.4,74.5,86.2,80.4,26.3,65.1,8.6,68.2,45.3,18.5
352,10355,00BFGN,Sutton North,00BF,Sutton,49.9,27,11.1,3.8,21.6,1.1,60.5,76.9,82.9,79.9,20.1,63.4,16.5,21.9,21.1,6.1
353,10313,00BDGD,Heathfield,00BD,Richmond upon Thames,59,27,21.2,3.8,20.4,1.2,80,80.2,82.3,81.2,20.2,65,14.8,30.4,26.6,8.7
354,10039,00BFGF,Carshalton Central,00BF,Sutton,60,27,7,3.3,15.4,1.2,60.5,82.9,85.4,84.2,19.1,67.2,13.7,13.7,15,3.7
355,16263,00AKGU,Haselbury,00AK,Enfield,72.3,27,19.5,11,27.2,0.8,83.4,81,83.4,82.2,25.4,65.3,9.3,54.3,46,22.1
356,13528,00AGGT,Regent's Park,00AG,Camden,182.8,27,48,6.7,17.5,0.4,53.5,74.8,83.8,79.3,15.9,74.5,9.6,44.3,45.2,15.6
357,12319,00ATGJ,Heston East,00AT,Hounslow,83.7,27.1,15.7,4.6,16.1,1.2,83.5,85.6,86.2,85.9,20.4,69.1,10.5,77.4,56.5,26.1
358,14184,00BHGM,Leyton,00BH,Waltham Forest,104.6,27.1,34.5,12.5,21.1,0.6,83.6,79,80.7,79.8,24.3,68.3,7.4,63.5,48.8,20.8
359,14454,00AKHC,Southgate,00AK,Enfield,59.3,27.2,7.4,4.6,16.1,1.1,67,81.1,85.4,83.2,18.8,67.1,14.1,31.6,33.2,11.7
360,10210,00BKGL,Maida Vale,00BK,Westminster,76.6,27.2,24.5,4.6,13.2,0.5,71.6,87.6,88.8,88.2,17.9,72.9,9.2,37.6,49,15.2
361,15551,00BBGX,West Ham,00BB,Newham,78.6,27.2,40.9,10.9,20.9,0.5,64.1,77.2,80.9,79,21.6,71.4,7,65.5,51.2,22.1
362,12709,00AKGT,Grange,00AK,Enfield,70.2,27.4,3.4,3.1,16.1,1.3,60,82.5,86.1,84.3,17.6,63.6,18.8,19.6,22.1,6.4
363,8741,00AXGB,Chessington North and Hook,00AX,Kingston upon Thames,49.8,27.5,14.8,2.8,21.9,1.3,58.9,79,87.4,83.2,20.6,64.9,14.5,15,17.2,5
364,15174,00AMGK,Hoxton,00AM,Hackney,103.8,27.6,54.3,9.4,17.7,0.3,47.7,77.9,84,81,15.9,77.9,6.2,46.5,44.8,16.6
365,13449,00ASGG,Barnhill,00AS,Hillingdon,96.8,27.8,19.2,5.8,22.4,1.2,75.1,75.6,82.5,79,24.3,66.1,9.6,68.4,45.4,19
366,13431,00APGT,White Hart Lane,00AP,Haringey,97.8,27.8,48.7,14.4,30,0.6,73,74.2,79,76.6,27.4,64.2,8.4,52.5,44.6,19.2
367,12852,00AYGB,Clapham Common,00AY,Lambeth,91.7,27.9,23.7,3.8,8.3,0.7,43.3,77.8,82.1,80,15.6,77.6,6.8,24.3,33.5,7.6
368,14249,00AZGX,Whitefoot,00AZ,Lewisham,95.8,27.9,34.5,8.8,25.9,0.8,71.4,77.5,82.7,80.1,25.8,62.9,11.3,50.5,29.5,6.8
369,8178,00AWGA,Campden,00AW,Kensington and Chelsea,136.8,27.9,7,1.5,4.5,0.7,51.5,82.2,85,83.6,15.6,71.9,12.5,21.4,52.8,18.3
370,16394,00ACFX,Brunswick Park,00AC,Barnet,55.9,28,9,4,17.4,1.3,55.2,83.8,83.2,83.5,20.6,65,14.4,31.6,30.9,10.2
371,12551,00AMGP,New River,00AM,Hackney,75.2,28,44.5,8.5,29,0.4,128.2,79.9,82.8,81.4,28.9,63.4,7.7,39.3,40.2,19.4
372,8969,00AXGJ,Saint James,00AX,Kingston upon Thames,41.6,28.2,9.3,2.3,15.9,1.3,74.1,79.1,83.9,81.5,19.3,63,17.7,41.4,37.3,12.7
373,9387,00BDGB,Hampton North,00BD,Richmond upon Thames,64.2,28.2,22.5,2.9,17.6,1.2,47.3,80.7,87.3,84,19.3,65,15.7,16.3,20.1,5.4
374,14300,00ALGZ,Kidbrooke with Hornfair,00AL,Greenwich,72.7,28.2,32.1,6.8,23.7,0.9,73.2,76.2,84.1,80.2,20.3,67.8,11.9,33.6,27.3,7.6
375,11091,00AMGA,Brownswood,00AM,Hackney,79.1,28.2,32,6,14.1,0.4,41,77.9,83.9,80.9,14.4,79.4,6.2,38.2,42.7,18.6
376,9767,00AWGH,Holland,00AW,Kensington and Chelsea,93.2,28.2,11.9,3.1,7,0.7,72.6,90.4,86.1,88.2,18.2,70.8,11,32,56.7,20.9
377,9245,00AWGN,Redcliffe,00AW,Kensington and Chelsea,84.8,28.4,10.4,2.6,5.2,0.6,46.9,81.7,89.1,85.4,15.1,74.7,10.2,18.8,53.4,21.6
378,11197,00BAGS,Wimbledon Park,00BA,Merton,54.6,28.5,8.3,2,7.8,1,81.1,84.7,86.1,85.4,21.2,70.6,8.2,20.4,32.9,8.4
379,10026,00AQGL,Pinner,00AQ,Harrow,56.7,28.6,14.6,2.8,14.7,1.3,62.5,80.7,84.9,82.8,18.1,62.1,19.8,38,31.7,7.5
380,13636,00BHGP,Markhouse,00BH,Waltham Forest,105.4,29,24.4,11.3,20.8,0.6,97.6,75.9,78,77,23.2,69,7.8,58.2,45.8,19
381,15064,00APGR,Tottenham Hale,00AP,Haringey,133.3,29,39.2,11.8,24.7,0.5,69.1,75.7,78.3,77,23.6,68.6,7.8,57.4,53.5,22.3
382,7964,00AWGD,Cremorne,00AW,Kensington and Chelsea,89.4,29.2,43.4,4.8,15.4,0.5,51.8,83.2,89.7,86.4,15.6,69.1,15.3,32.5,44.4,17.2
383,14506,00AKHB,Southbury,00AK,Enfield,103.3,29.3,24,8.1,24.6,0.9,87.5,79.6,81.3,80.4,25,65.5,9.5,36.2,30.2,12
384,11734,00AMGU,Wick,00AM,Hackney,95.9,29.5,53.8,12.2,22.8,0.5,53.4,74.9,82.7,78.8,22.3,69.8,7.9,51.6,35.1,10.9
385,13923,00AKGM,Bush Hill Park,00AK,Enfield,53.7,29.6,5.2,4.1,20.4,1.3,61.1,79.6,84,81.8,18,64.8,17.2,26.8,25.7,7.7
386,10422,00BCGN,Monkhams,00BC,Redbridge,56.3,29.9,4.4,1.9,15,1.4,53.7,80.9,82.5,81.7,17,62.3,20.7,21.1,18.8,3.8
387,10442,00ADGQ,Longlands,00AD,Bexley,40.7,30,13.2,2.8,20.9,1.2,52.5,79.6,81.3,80.4,16.3,62,21.7,9.4,9.9,2.1
388,9988,00BKGS,Vincent Square,00BK,Westminster,92.5,30,34.5,4.3,11.7,0.4,39,80.3,90.4,85.4,14.5,72.9,12.6,29.3,44.6,17
389,15164,00BCGR,Seven Kings,00BC,Redbridge,96.4,30,8.2,8,18.4,1,82.3,78,79.7,78.8,24.2,66.6,9.2,76.7,47.6,19.3
390,12839,00BEGK,Faraday,00BE,Southwark,108.6,30,68.4,10.3,21.8,0.4,65.5,78.3,83.5,80.9,23.2,69.8,7,60.7,45.9,14.6
391,14567,00AZGJ,Downham,00AZ,Lewisham,90.4,30.1,40.9,9.9,30.2,0.7,66.7,74.3,81.8,78,24.7,62.6,12.7,41.7,24.8,6.2
392,11478,00ABGG,Longbridge,00AB,Barking and Dagenham,91.9,30.3,13.1,5.6,22.7,1.1,98.4,76.5,82.4,79.4,23,65.4,11.6,57.4,33.3,11.9
393,14781,00BGFZ,Bow East,00BG,Tower Hamlets,113.1,30.3,42.8,10.5,21.4,0.4,64.2,71.3,80.8,76,17.5,75.1,7.4,39.9,30.9,10.9
394,10399,00ALGW,Eltham West,00AL,Greenwich,61.6,30.5,44.1,6.2,30.8,0.9,47.9,74.2,81.7,78,22,65.7,12.3,24.6,21.3,6.4
395,14377,00AKHF,Turkey Sainteet,00AK,Enfield,74.6,30.5,26.3,9.5,30.2,1,74.1,76.2,81.4,78.8,25.5,63,11.5,37.9,31,14.1
396,13069,00BCGJ,Goodmayes,00BC,Redbridge,93.8,30.6,8.5,8.4,18.1,1,103,79.9,83.2,81.6,24.1,67.9,8,75.2,46.3,18.5
397,13411,00BBGF,Custom House,00BB,Newham,136,30.6,41.4,9.5,25.3,0.7,91.8,73.7,77.4,75.6,24.1,69.3,6.6,53.5,46.9,19.6
398,10828,00BKGQ,Saint James's,00BK,Westminster,1658,30.7,28,6.1,10.7,0.4,37.2,80.4,86.4,83.4,8.8,80.2,11,28.8,49,20
399,14106,00ASGY,Townfield,00AS,Hillingdon,147.8,30.8,30.1,7.9,24.7,1,94.6,74.8,79.4,77.1,23.2,67,9.8,62.9,44.7,18.1
400,15141,00BBGB,Beckton,00BB,Newham,121.2,30.9,36.5,6.5,19.2,0.7,55.1,81.9,82.6,82.2,22,73.2,4.8,54.2,49.7,23.5
401,10693,00AQGE,Hatch End,00AQ,Harrow,50.8,31.1,8.5,2.4,15.4,1.4,55.3,82,84.3,83.2,18.7,61.5,19.8,43.3,33,9.1
402,11977,00ARGF,Emerson Park,00AR,Havering,46.7,31.2,3.9,2.5,23.1,1.6,52.2,78.7,81.3,80,16.3,62.4,21.3,17.7,11.4,1.7
403,10784,00APGJ,Muswell Hill,00AP,Haringey,81,31.2,9.4,3,8.3,0.9,56.3,77.4,81.5,79.4,17.9,70,12.1,16.2,26.1,7
404,10801,00AHGR,New Addington,00AH,Croydon,87.4,31.2,42.2,7.9,34.8,1,72.7,74.4,80.5,77.4,25.8,61.5,12.7,23.7,13.9,3
405,14086,00BHFZ,Chapel End,00BH,Waltham Forest,95.7,31.2,15.7,8.2,18.7,0.9,103.4,75.8,86.7,81.2,24.1,67.9,8,48.5,36.9,14.1
406,11337,00BHGK,Larkswood,00BH,Waltham Forest,85.8,31.4,17.4,6.6,26.2,1.1,71.4,77.5,83.6,80.6,20,64.7,15.3,31.2,21.8,6.3
407,12199,00ASGP,Heathrow Villages,00AS,Hillingdon,308,31.4,14.8,3.7,19.2,1.1,86.9,75.8,82.8,79.3,20.8,69.8,9.4,50,43.2,17.1
408,14385,00ALGR,Charlton,00AL,Greenwich,66.2,31.6,41.1,7.4,20.8,0.7,89.3,74.1,79.9,77,21.8,67.5,10.7,36.2,31,9.4
409,15772,00AEGK,Barnhill,00AE,Brent,83.4,31.6,26.6,6.7,18.1,1,79,79.6,82.7,81.2,20.9,66.8,12.3,69.7,56.5,22.9
410,9675,00AYFZ,Bishop's,00AY,Lambeth,311.9,31.6,41.8,6.9,14.5,0.4,38.2,78,84,81,11.5,79.8,8.7,42,43,13.7
411,16402,00BJGT,West Hill,00BJ,Wandsworth,43.9,31.9,23.6,4.7,14.3,0.8,56.1,75.8,78.3,77,18.8,71.7,9.5,31.7,43.5,13.5
412,12811,00AEGW,Northwick Park,00AE,Brent,68.6,32,16.2,3.1,13.4,1.3,39.4,80.7,81.6,81.2,16.7,70.1,13.2,68.8,53.3,19.8
413,14370,00ASHB,West Drayton,00AS,Hillingdon,81.8,32,26.4,5.3,24.3,1.1,77.9,75.3,81.9,78.6,22.8,65.7,11.5,33.5,27.6,9.2
414,17402,00ACGS,West Hendon,00AC,Barnet,120.5,32,16.8,5,17.8,0.9,85.8,78.2,84.3,81.2,19.8,68.8,11.4,50.6,53.6,24.7
415,12915,00ARGN,Mawneys,00AR,Havering,59.9,32.1,11.4,5,29.6,1.2,65.3,80.2,89.2,84.7,19.4,62.5,18.1,11.5,9.3,2.5
416,15034,00ASGH,Botwell,00AS,Hillingdon,111,32.2,25.2,7.6,24,1.1,94.5,75.6,82,78.8,25,65.9,9.1,60.2,42.7,17.9
417,9862,00BAGR,West Barnes,00BA,Merton,57.7,32.3,5.2,2.4,13.9,1.1,82,82.9,82.4,82.6,20.4,66.2,13.4,30,33.7,9.3
418,8158,00BKGR,Tachbrook,00BK,Westminster,51.1,32.4,29.3,2.7,12.5,0.4,33.3,82.2,83.1,82.6,10.8,73.8,15.4,21.8,41.1,15.1
419,12955,00ARGP,Pettits,00AR,Havering,55.9,32.4,5.4,3.2,25.7,1.4,59.6,81,83.9,82.4,17,62.2,20.8,8.7,7.4,1.7
420,14884,00AFHB,West Wickham,00AF,Bromley,40.8,32.6,4.4,2.2,15.2,1.4,52.2,80.9,84.7,82.8,19.9,60.4,19.7,10.6,9.7,1.3
421,18171,00ALGX,Glyndon,00AL,Greenwich,65.6,32.6,41.4,10.5,21.4,0.6,91,73.2,77.4,75.3,22.9,70,7.1,55,42.2,13.8
422,17077,00AHHC,Waddon,00AH,Croydon,93.8,32.6,25.5,6.8,19.1,0.8,74.1,74.8,80.1,77.4,22.3,66.7,11,44.6,30.1,8.9
423,10131,00BDFY,Fulwell and Hampton Hill,00BD,Richmond upon Thames,38.8,32.7,8,1.9,10.8,1.1,69.6,78.4,80.7,79.6,21.1,66.4,12.5,9.9,16.7,4
424,9833,00AXGM,Tolworth and Hook Rise,00AX,Kingston upon Thames,61.4,33.1,10.7,2.7,18.4,1.2,74,80.3,89.7,85,20.5,66.6,12.9,27.2,26.1,8
425,11890,00ADGB,Belvedere,00AD,Bexley,67.6,33.2,16.1,6.1,23.7,1,78.6,77.9,82.5,80.2,22.4,64.9,12.7,28.4,20.4,5.1
426,17949,00AKGQ,Edmonton Green,00AK,Enfield,147.7,33.2,43.1,19.6,30.5,0.6,124.1,74.8,79.6,77.2,28,63.6,8.4,60.6,46.8,21.4
427,11578,00ASGU,Northwood Hills,00AS,Hillingdon,59.7,33.3,15.5,2.6,16.6,1.3,76.7,78.9,86,82.4,18.9,63.6,17.5,33.3,27.9,7.1
428,16743,00AHHE,Woodside,00AH,Croydon,78.6,33.3,19.8,8.4,17.1,0.8,75.4,79.3,80.6,80,24.4,67.7,7.9,55.1,28.4,6.3
429,13586,00ASHD,Yeading,00AS,Hillingdon,100.8,33.3,21.8,6,19.8,1.1,105.9,78.4,82.4,80.4,25.8,66.6,7.6,64.1,42.7,17.4
430,12142,00ASGM,Eastcote and East Ruislip,00AS,Hillingdon,52.5,33.4,7.2,2,13.6,1.5,54.3,80.5,87.4,84,17.8,62.2,20,20.2,17.5,3.7
431,12780,00BCGF,Cranbrook,00BC,Redbridge,81.7,33.4,5.3,5.1,17.6,1.2,83.3,77.5,83,80.2,20.5,66.6,12.9,75.4,44.5,15.1
432,13354,00BGGF,Mile End East,00BG,Tower Hamlets,113.9,33.4,52.9,14.8,23.3,0.4,74.3,73.4,78.7,76,23.9,70.4,5.7,66,43.5,20
433,12280,00AMGN,Lordship,00AM,Hackney,61.9,33.6,37,7.1,24.2,0.5,111.6,75.1,84.8,80,27.5,64.1,8.4,30.5,31.4,13.1
434,16239,00BJGR,Tooting,00BJ,Wandsworth,97,33.7,18,5.7,14.4,0.6,57.3,76,79.7,77.8,17.9,73.1,9,52.7,45.4,15.2
435,14051,00ALHB,Peninsula,00AL,Greenwich,167.4,33.7,30.6,4.1,15,0.6,68.2,74.6,85.1,79.8,16.9,74.8,8.3,30.6,33,10.4
436,12402,00BEGZ,Village,00BE,Southwark,83.3,33.8,15.5,2.8,9.4,1,65.5,77.9,81.6,79.8,23.7,65.4,10.9,20.1,22,3.5
437,12921,00AMGH,Hackney Downs,00AM,Hackney,90.8,33.8,43.1,11.6,19.3,0.4,67.4,74.9,83.3,79.1,18.9,73.9,7.2,51.7,39.5,15.5
438,14846,00BBGW,Wall End,00BB,Newham,63.7,33.9,17.7,8.4,19.6,0.7,89,78.6,80.3,79.4,25.2,68.3,6.5,82.2,59.8,29.7
439,14940,00BJGJ,Northcote,00BJ,Wandsworth,112.9,34,13.6,2.3,6.7,0.8,72.9,80.1,81.1,80.6,19,75,6,14.9,28.9,5.7
440,13743,00BEGT,Rotherhithe,00BE,Southwark,107.2,34.1,45.6,5.8,17.5,0.5,54.8,76.3,79.2,77.8,17.2,75.4,7.4,40.9,43.4,15.2
441,13753,00AEHD,Welsh Harp,00AE,Brent,85.3,34.2,19.2,7.7,22.6,0.9,85,81.2,88.5,84.8,21.3,67.3,11.4,61.3,55,22.9
442,14539,00AJGJ,Elthorne,00AJ,Ealing,103.8,34.2,20.2,5.9,15.1,0.8,71.4,74.8,85.5,80.2,19.7,70.6,9.7,34.9,40.6,16.9
443,9090,00BAGH,Lower Morden,00BA,Merton,36.5,34.3,4.1,3.1,20.9,1.3,67.7,80.1,86.6,83.4,19.2,65.6,15.2,21.9,22.1,5.9
444,13368,00BHGS,Wood Sainteet,00BH,Waltham Forest,89.4,34.4,30.9,9.8,20.8,0.7,102.1,75.3,83.2,79.2,23.3,67.5,9.2,50.4,38.7,14.4
445,15183,00AJGS,Northolt Mandeville,00AJ,Ealing,95.4,34.4,24.2,7.8,21.5,0.9,91.7,77.6,85,81.3,23.5,65.8,10.7,51.7,44.1,19.5
446,10107,00AXGG,Norbiton,00AX,Kingston upon Thames,71.6,34.5,31.2,4.9,17.7,0.8,67.4,76.2,78.2,77.2,18.8,72.1,9.1,31,34.1,13.6
447,14842,00BJGQ,Thamesfield,00BJ,Wandsworth,104.9,34.5,7.5,1.3,6.3,0.8,63.7,81.4,82.9,82.2,15.2,76,8.8,12.3,31.4,5.8
448,12048,00ASGZ,Uxbridge North,00AS,Hillingdon,106.1,34.5,12.7,2.9,16.8,1.3,63.1,77.2,83,80.1,17.9,66.2,15.9,30.2,23.4,5.9
449,14950,00AEHB,Sudbury,00AE,Brent,82.5,34.6,15,6.1,18.1,0.9,115,80.5,84.8,82.6,20.7,68.8,10.5,77.3,62.2,28.4
450,14039,00AZGE,Blackheath,00AZ,Lewisham,106.9,34.6,28.8,4.7,13.2,0.7,56.8,77.4,82.4,79.9,18.4,70.7,10.9,30.2,29.3,7.4
451,8937,00AWGF,Golborne,00AW,Kensington and Chelsea,129,34.6,67.8,12.1,22.5,0.4,51.9,85.8,86,85.9,18.7,71.1,10.2,52.1,46.1,16.9
452,14558,00AJGD,Cleveland,00AJ,Ealing,52.3,34.8,21.5,5.6,13.1,0.9,59.1,76.8,85.9,81.4,21.7,66.4,11.9,36.9,39.6,15.1
453,16137,00ACGC,East Barnet,00AC,Barnet,59,34.9,9.8,4.3,17.1,1.2,65.8,80.5,84.5,82.5,20.7,65.6,13.7,23.4,23.4,7.2
454,19120,00ALHG,Woolwich Riverside,00AL,Greenwich,137.4,34.9,50,10.4,19.9,0.5,84.4,73.8,80.2,77,23.6,70.2,6.2,49,39.4,13.3
455,23084,00BGGG,Millwall,00BG,Tower Hamlets,86.5,35,20.6,5.1,11.4,0.5,58.1,83.6,95,89.3,15.6,80.9,3.5,47.6,52.1,23.4
456,11543,00ATGB,Chiswick Riverside,00AT,Hounslow,72.1,35.2,18.5,2.9,9.2,1,76.7,85.4,82.2,83.8,18.8,69.4,11.8,19.1,30.3,8.9
457,12044,00BCGQ,Roding,00BC,Redbridge,69.1,35.7,15.9,5,15.9,1.1,68,80.3,83.8,82,22.7,67,10.3,37.2,28.2,8.7
458,10418,00ADGA,Barnehurst,00AD,Bexley,41.8,35.8,10.7,3.5,23.1,1.3,61,78.6,85.8,82.2,19,62.8,18.2,9.8,8,1.3
459,11658,00BCGA,Bridge,00BC,Redbridge,62.8,36,13.8,4.5,19.9,1.1,50,79.4,83.6,81.5,20,66.6,13.4,28.1,21.6,6.7
460,14229,00AJGN,Hobbayne,00AJ,Ealing,65.4,36.1,25.2,5.6,18.2,0.9,77.7,77.5,86,81.8,22.6,66.1,11.3,37.7,40.7,17.2
461,10864,00ADGK,Danson Park,00AD,Bexley,59.1,36.3,8.9,3.3,23,1.2,53.6,79.8,84.3,82,18.5,64,17.5,16.2,13.2,3.1
462,11563,00ATGD,Feltham North,00AT,Hounslow,110.8,36.4,22.3,4.6,26.1,1.1,84.3,73.5,77.3,75.4,20,66.4,13.6,38.9,35.7,14.1
463,10024,00BAGG,Longthornton,00BA,Merton,58.1,36.6,10.6,6,19.1,1,74.1,78.2,84,81.1,21.6,67.6,10.8,58.2,42,14.5
464,15587,00AEHF,Willesden Green,00AE,Brent,127.5,36.8,26.8,8.9,18.5,0.5,54.4,78.2,88.1,83.2,19.2,73.2,7.6,52.7,56.3,25.9
465,11346,00ADGP,Lesnes Abbey,00AD,Bexley,57.2,36.9,21,5.3,23.8,1.1,75.5,79.6,84.3,82,20.9,63.5,15.6,31,23.3,5
466,13505,00ALHA,Middle Park and Sutcliffe,00AL,Greenwich,72.5,37,37.3,7.9,25.5,0.9,75.3,76.8,84.7,80.8,21.9,63.9,14.2,24,22.3,5.6
467,12411,00BGGJ,Saint Katherine's and Wapping,00BG,Tower Hamlets,100.6,37,20.3,4.3,12.3,0.6,61,76.1,79.1,77.6,13.7,80.2,6.1,37.6,41.5,15.9
468,11058,00BHGF,Hatch Lane,00BH,Waltham Forest,77.2,37.7,24.7,7,26.2,1.1,73.8,78.6,82.9,80.8,20.3,63.6,16.1,22.2,16.5,4.4
469,15989,00ACGD,East Finchley,00AC,Barnet,69.4,37.8,22.2,4.2,14.1,0.8,67.8,79.3,84.9,82.1,18.9,68.1,13,28.2,34.4,10.4
470,10396,00BDGM,Twickenham Riverside,00BD,Richmond upon Thames,75.8,37.8,6.2,1.5,6.2,0.9,73.8,78.4,81,79.7,17.1,70.5,12.4,10.3,26.8,7.2
471,9968,00BAGL,Ravensbury,00BA,Merton,75.9,37.8,25.1,6.8,23.7,0.9,93.2,78,81.4,79.7,21.2,65.3,13.5,38.9,36,13.1
472,15107,00AYGG,Herne Hill,00AY,Lambeth,133.6,37.9,31.8,8.5,12.2,0.5,67.3,74.3,82.8,78.6,18.4,74.4,7.2,39.6,35.3,10.8
473,13372,00APGS,West Green,00AP,Haringey,94.7,38.2,36,12,23.9,0.5,65,75.6,86.2,80.9,19.7,70.8,9.5,47.8,54.6,25.9
474,15339,00AJGW,Perivale,00AJ,Ealing,89,38.3,8.5,5,17.4,1.1,88.3,82.6,87,84.8,20.1,68.9,11,54.6,55.4,26.7
475,10786,00ABGF,Heath,00AB,Barking and Dagenham,109.4,38.4,45.3,12.2,32.1,0.7,83.4,75.1,79.3,77.2,26.3,61,12.7,32.3,24.1,6.2
476,16331,00BJGK,Queenstown,00BJ,Wandsworth,83.2,38.5,30.7,4.6,11.9,0.5,42,76.9,84.6,80.8,14.2,78,7.8,35.7,42.4,15.4
477,10667,00BFGD,Beddington South,00BF,Sutton,61.1,39.1,35.9,6.2,21,1.3,59.6,76.9,83.7,80.3,22,64.1,13.9,28.8,20.1,4.2
478,12438,00ATGK,Heston West,00AT,Hounslow,126.4,39.1,33.7,7,21.8,1.1,87.3,79.7,82.5,81.1,23,66.7,10.3,76.2,51.1,23.9
479,13445,00AEGP,Fryent,00AE,Brent,78.7,39.3,13.9,5.1,20.3,1.1,94,82.2,90.2,86.2,20.9,67.3,11.8,62.7,55.9,21.9
480,17499,00ALHF,Woolwich Common,00AL,Greenwich,105.3,39.4,50,13.4,21.8,0.6,100.5,73.9,85.4,79.6,26.9,67.2,5.9,57.6,41.8,13.6
481,14966,00AHGQ,Kenley,00AH,Croydon,39.8,39.6,11.4,4,14.6,1.3,76,78,80.7,79.4,20.8,64.3,14.9,23.2,17.9,3
482,16469,00AKGS,Enfield Lock,00AK,Enfield,70.7,39.6,22.7,11,26.5,0.9,91.1,76.4,79.1,77.8,27.3,64.5,8.2,45.1,33.8,14
483,15671,00BHGL,Lea Bridge,00BH,Waltham Forest,127.3,40.1,18.4,11.9,23,0.6,107,73.2,77.7,75.4,23.9,67.7,8.4,64.8,50.4,21.2
484,17250,00ACGB,Coppetts,00AC,Barnet,85.4,40.3,13.4,4.9,15,1,72.5,76.7,81.1,78.9,19.7,70,10.3,35,36.1,13.6
485,13435,00BEGX,Surrey Docks,00BE,Southwark,85.7,40.3,23.9,3.7,11.8,0.6,57.5,85.5,82.9,84.2,12.2,82.1,5.7,30.9,42.7,15.4
486,12609,00BHGC,Forest,00BH,Waltham Forest,118.8,40.4,13.6,7.4,19.3,0.8,99.6,77.9,80.7,79.3,19.4,71.3,9.3,58.7,45.7,18.4
487,15122,00AFGZ,Plaistow and Sundridge,00AF,Bromley,59.5,40.5,17.4,4.7,18.6,1,68.7,77.8,81.2,79.5,19.6,65.6,14.8,19.3,16.9,3.9
488,11630,00BFGU,Wandle Valley,00BF,Sutton,69.2,40.5,33.6,6.6,23.7,1,79.3,77.3,84.6,81,24.1,66.9,9,24.8,19.8,5.7
489,13841,00ASGJ,Brunel,00AS,Hillingdon,90.4,40.5,22,3.3,17.6,1.1,47.2,78.2,83.4,80.8,15.5,73.4,11.1,38.2,29.3,9.8
490,16531,00AKGY,Lower Edmonton,00AK,Enfield,71.9,40.6,27.4,11.5,28.5,0.7,111.2,75.7,79.8,77.8,27.5,63.3,9.2,58.9,46.1,19.5
491,16027,00AKGR,Enfield Highway,00AK,Enfield,87.8,40.6,24.4,9.6,30.1,1,70.6,78.1,86.2,82.2,26.3,63.4,10.3,42.2,34.3,14.5
492,16736,00ALHC,Plumstead,00AL,Greenwich,98.1,41,27.3,11,21.6,0.7,106.6,74,83.3,78.6,23.4,68,8.6,55.4,41.7,14.6
493,12979,00ASHE,Yiewsley,00AS,Hillingdon,117.7,41.3,27.3,5.5,23.7,1,72,74.9,81.1,78,22.3,68.4,9.3,33.8,27.7,10
494,11355,00BHGE,Hale End and Highams Park,00BH,Waltham Forest,74.8,41.4,18.8,6.8,20,1.1,75.5,80.2,84.3,82.2,22.7,65.9,11.4,33.1,21.8,5.9
495,15541,00ATGE,Feltham West,00AT,Hounslow,92.2,41.4,27.2,4.5,20.5,1,93.6,77.1,82.7,79.9,25,68.7,6.3,35.5,32.3,14.2
496,11408,00ATGG,Hanworth Park,00AT,Hounslow,99.1,41.4,21.3,3.8,23.4,1.1,72.7,77.7,82.4,80,20.5,67.5,12,30.8,28.5,10.9
497,10414,00BAGN,Saint Helier,00BA,Merton,66.5,41.6,31,6.2,23.7,0.9,98.3,78.6,81.6,80.1,21.6,65.1,13.3,35,33,11.7
498,10919,00BDGF,Mortlake and Barnes Common,00BD,Richmond upon Thames,60.3,41.7,16,2.3,9.8,0.9,96.8,77.8,85.5,81.6,19.8,68.2,12,11.7,25.6,5.2
499,10357,00AXGD,Coombe Hill,00AX,Kingston upon Thames,56.8,42.1,11.6,2.3,10.7,1.3,43.9,80.4,83,81.7,18.8,66.8,14.4,35.5,40.6,13.9
500,19461,00BGFY,Blackwall and Cubitt Town,00BG,Tower Hamlets,90,42.2,28.6,6.7,14.6,0.5,75.1,77.4,83.4,80.4,17.8,77.5,4.7,50.4,48.6,21.9
501,11346,00ATGA,Chiswick Homefields,00AT,Hounslow,103.6,42.2,16.4,2.3,9.3,0.9,52.3,78.7,83.6,81.2,18.3,70.4,11.3,18.8,34,9.8
502,11632,00APGG,Highgate,00AP,Haringey,77.9,42.4,11.1,3.3,6.4,0.8,50,79.5,85.4,82.4,15.4,72.9,11.7,18.9,31.5,8.2
503,13554,00ATGS,Syon,00AT,Hounslow,94.2,42.5,27.4,4.1,16.4,0.9,80.3,73,79.4,76.2,19.1,71.4,9.5,34.2,36.7,13.5
504,9249,00BAFY,Cannon Hill,00BA,Merton,40.6,42.7,5.5,2.9,17,1.2,66.9,79.7,83.6,81.6,17.7,66.5,15.8,25.4,29.6,7.7
505,11226,00ADGH,Crayford,00AD,Bexley,61.3,42.7,21.8,4.7,25.3,1.1,64.2,77.4,87.5,82.4,21.7,63.7,14.6,11.7,10,1.9
506,14353,00ATFZ,Brentford,00AT,Hounslow,84.3,42.9,37.7,3.9,17.2,0.8,62.7,76.7,85.7,81.2,17.9,72.2,9.9,33.9,38.3,15
507,12939,00BGGA,Bow West,00BG,Tower Hamlets,145.3,43,39,8.8,20.3,0.5,60.3,74,80.9,77.4,19.3,72.9,7.8,40.7,32,11.3
508,7252,00AWGP,Royal Hospital,00AW,Kensington and Chelsea,120,43.1,13.6,1.8,9,0.8,52.3,80.5,89.6,85,12.9,67,20.1,15.4,44.8,16.7
509,12270,00AQGC,Harrow on the Hill,00AQ,Harrow,65,43.4,13.8,3.4,13.3,1,78.4,81.2,84.2,82.7,20.8,67.5,11.7,52.6,44.2,15.1
510,9246,00AXFX,Alexandra,00AX,Kingston upon Thames,49.2,43.5,4.9,2.1,15.8,1.4,55.1,80.8,84.4,82.6,20.9,64.3,14.8,29.8,27.2,8.2
511,15892,00AFGT,Kelsey and Eden Park,00AF,Bromley,79.6,43.6,8.6,3.1,17.1,1.3,46.1,82,85,83.5,20.3,62.2,17.5,16,13.6,2.5
512,15915,00ACGQ,Underhill,00AC,Barnet,64.4,43.7,25.7,5.4,21.6,1.1,48.9,78.2,82.6,80.4,20.6,63.2,16.2,27.3,25.4,6.9
513,11812,00BEGG,College,00BE,Southwark,92.9,43.7,27.2,5.8,13.6,0.8,69.5,75.8,81.6,78.7,20.4,67.9,11.7,36.6,30.7,5.3
514,9175,00ANGD,College Park and Old Oak,00AN,Hammersmith and Fulham,133.2,43.8,55.9,7.9,23,0.4,46.5,74.4,83.1,78.8,20.4,70.9,8.7,50,45.7,19.5
515,15704,00ALGP,Abbey Wood,00AL,Greenwich,82.9,43.9,38.9,9,25.3,0.7,105.3,74.3,81.1,77.7,26.9,63.5,9.6,46.3,32,7.6
516,9987,00AFGU,Mottingham and Chislehurst North,00AF,Bromley,91.1,44.4,31.9,7.3,26,1,70,76.6,81.2,78.9,22.4,63.6,14,18.4,15.1,3.6
517,10728,00ABGL,Thames,00AB,Barking and Dagenham,143.8,44.4,44.4,9.2,24.1,0.7,115.1,79.2,84.2,81.7,30.3,62.8,6.9,54.9,37.2,11.2
518,15664,00AKHA,Ponders End,00AK,Enfield,93,44.5,25.6,13.7,26.9,0.8,61.6,77.6,80.8,79.2,25.9,65,9.1,54.6,43.5,19
519,12053,00ADGM,Erith,00AD,Bexley,86,44.6,20.2,6.6,23.6,1,106.7,78.3,82.8,80.6,23.6,64.7,11.7,31.4,23.1,5.6
520,12622,00ASGL,Charville,00AS,Hillingdon,69.4,44.9,9.7,4.2,21.6,1.3,83.5,81.6,86,83.8,22.8,64.7,12.5,43.9,30.1,9.7
521,14957,00ARGC,Brooklands,00AR,Havering,76.8,44.9,17.4,5,24.9,1,67.1,73.8,77.7,75.8,21.1,65.4,13.5,22.3,17.4,4.4
522,13544,00ARGT,South Hornchurch,00AR,Havering,87.6,45,19.8,7.3,31.4,1.2,63.2,76.9,81.8,79.4,21,62.4,16.6,16.4,11.8,2.5
523,12570,00ARGL,Heaton,00AR,Havering,72.6,45.3,37.1,8.8,35.8,1,61.6,76.7,81,78.8,21.9,61.3,16.8,16.3,13,2.5
524,12155,00ATGF,Hanworth,00AT,Hounslow,84.9,45.3,38.6,6.7,26.4,1,85,77.5,87.1,82.3,24.2,64.8,11,32.4,28.9,11.3
525,13272,00APGF,Harringay,00AP,Haringey,108.9,45.4,13.9,9.3,14,0.5,64,78.4,81.8,80.1,14.8,77.7,7.5,34.5,49.2,24.3
526,10528,00BDGN,West Twickenham,00BD,Richmond upon Thames,48.8,45.6,11.5,2.1,13.4,1.1,88.4,79.2,83.4,81.3,21.8,66.5,11.7,16,21.1,4.4
527,13518,00BEGR,Peckham Rye,00BE,Southwark,62.3,45.7,25.3,5.8,13.8,0.7,75.6,75.6,81.2,78.4,20.3,71.7,8,35.8,28.8,5.9
528,11229,00AQGS,Saintnmore Park,00AQ,Harrow,62.5,45.8,15,3.2,19.7,1.4,67.4,80.2,81.1,80.6,17.3,60.3,22.4,43.3,34.5,8.8
529,10342,00ABGH,Mayesbrook,00AB,Barking and Dagenham,83.4,45.8,38.6,9.6,32.1,0.8,104.5,76.6,82.2,79.4,27.1,62.1,10.8,31.2,25,8.2
530,14775,00AZGD,Bellingham,00AZ,Lewisham,103.1,46.7,44,9.5,25.4,0.7,76.6,75.2,79.1,77.2,25.2,64.6,10.2,51.3,29.6,6.2
531,10491,00ADGT,Saint Mary's,00AD,Bexley,41.7,46.8,4.1,2.1,18.9,1.4,61.2,80.7,92.6,86.6,18.1,60.9,21,8.4,8.1,1.1
532,13910,00AJGE,Dormers Wells,00AJ,Ealing,80.6,47.3,28.4,8.9,23.5,1,76.8,77,82.3,79.6,22.4,66,11.6,82.1,56,29.1
533,10820,00BDGJ,South Richmond,00BD,Richmond upon Thames,123.3,47.3,13.9,2,7.1,0.9,55.2,78.7,83.6,81.2,16.6,69.4,14,13.1,33,8.5
534,14032,00AJGU,Norwood Green,00AJ,Ealing,124.6,47.6,34.7,10.1,21.8,1.1,70.7,78.2,79.9,79,20.6,68.7,10.7,78,50.7,25.6
535,14575,00BJGA,Bedford,00BJ,Wandsworth,62.2,47.9,16.1,2.9,9.1,0.7,51.1,78.2,82.6,80.4,14.6,77.9,7.5,27.6,30.3,8.3
536,15307,00ACGL,High Barnet,00AC,Barnet,81.9,47.9,7.7,2.9,13.1,1.2,56.5,78.2,82.3,80.2,18.5,65,16.5,18.3,22.1,6.3
537,10787,00ABGN,Village,00AB,Barking and Dagenham,102.3,48,39.9,11.9,30.3,0.8,99.1,76,80.9,78.4,25,63.7,11.3,34.8,26,7.5
538,12906,00ASGQ,Hillingdon East,00AS,Hillingdon,74.9,48.1,14.8,4.5,19.3,1.3,83.7,77.6,83.5,80.6,23.1,65,11.9,34.4,23.3,6.4
539,15247,00BJGS,Wandsworth Common,00BJ,Wandsworth,60.6,48.2,12.6,2.1,11,1,72.8,76.7,79.6,78.2,18.7,73.2,8.1,17.8,25.7,4.5
540,12630,00BCGG,Fairlop,00BC,Redbridge,91.7,48.2,9.7,5.2,21.2,1.2,89.8,80.2,81.1,80.6,20.8,66.1,13.1,34.9,25.1,8.2
541,12777,00AHGU,Sanderstead,00AH,Croydon,39.8,48.6,6.7,2.9,15.1,1.5,55.7,82.5,84.2,83.4,19.6,61.9,18.5,19.5,13.7,1.7
542,16633,00BBGP,Little Ilford,00BB,Newham,85.2,48.6,30.1,12,23.2,0.6,107.8,71.2,78.9,75,27.8,65.5,6.7,82,54.5,27.3
543,14727,00ATGM,Hounslow Heath,00AT,Hounslow,97.3,48.7,20,6,15.7,0.9,97.2,76,87.6,81.8,23.1,69.1,7.8,72.6,58,27.7
544,17437,00ACGJ,Hale,00AC,Barnet,57.6,48.8,13.6,4.1,17.8,1.2,90.5,81.2,83.8,82.5,23.1,63.5,13.4,40.6,35.7,11.7
545,16527,00ALGY,Greenwich West,00AL,Greenwich,127.7,49,35.7,5.4,12.8,0.6,64.3,75.6,82.1,78.8,17.4,74.9,7.7,33.3,34.8,9.7
546,12255,00AFGP,Crystal Palace,00AF,Bromley,111.5,49.3,33.2,8.2,16.9,0.6,70.6,75.5,82,78.8,19.2,73,7.8,38.1,30.3,8.3
547,10093,00AQGF,Headstone North,00AQ,Harrow,38.6,49.5,4,2.5,12.9,1.4,47.6,81.3,85.4,83.4,18.2,65.4,16.4,52.6,37,9.1
548,10611,00ASHC,West Ruislip,00AS,Hillingdon,67,49.5,11,2,16.3,1.3,55.8,80.4,85.3,82.8,17.9,65.3,16.8,18,18.4,3.9
549,14632,00AFGR,Farnborough and Crofton,00AF,Bromley,38.8,49.7,8.8,2.2,18.1,1.3,53.1,79.6,86.6,83.1,18.6,58.4,23,9.5,10,1.4
550,10221,00BDGC,Hampton Wick,00BD,Richmond upon Thames,55.8,50,15.1,1.8,10,1.1,60.9,79.7,84.4,82,20.4,66.3,13.3,11.4,20.3,4.5
551,11474,00BAGA,Cricket Green,00BA,Merton,93.2,50,36.9,10.1,24.5,0.7,120,78.5,87,82.8,23.3,65.9,10.8,47.5,39.5,14.5
552,10506,00ABGB,Eastbrook,00AB,Barking and Dagenham,72.4,51.1,20,8.8,29.9,1.1,65.9,76.6,79,77.8,21.2,64.1,14.7,24.8,19,4.5
553,11795,00APGA,Alexandra,00AP,Haringey,101.8,52.3,9,3.4,8,1,65.8,79.2,83.5,81.4,21.6,68.5,9.9,20.5,26.8,8.5
554,12701,00ATFY,Bedfont,00AT,Hounslow,94.5,52.5,26.9,5.1,24,1.1,83.9,77.3,80.9,79.1,22.2,66.6,11.2,35.7,31,12.5
555,10287,00BAGK,Pollards Hill,00BA,Merton,73.5,52.8,24.1,8.4,21.7,1,81,80.2,85.2,82.7,24.1,65.4,10.5,56.4,35.9,9.4
556,10309,00BFGC,Beddington North,00BF,Sutton,67.1,53,9,3.8,19.8,1.3,69.2,79.3,83,81.2,20.7,66,13.3,23.5,16.6,3.8
557,14713,00AJGR,North Greenford,00AJ,Ealing,69.6,53.3,8.3,3.8,16.9,1.2,87.7,79.8,87.4,83.6,20.3,68.3,11.4,56.4,51.4,22.1
558,16728,00ACGE,Edgware,00AC,Barnet,93.7,54,15.8,4.2,17,1.2,76.4,80.1,83.6,81.8,23.3,62.9,13.8,39.2,37.4,12.1
559,10649,00BDGG,North Richmond,00BD,Richmond upon Thames,72.6,54.1,16.9,2.1,10.2,0.9,76.4,83.8,86.1,85,18.7,68.2,13.1,15.7,28.3,6.8
560,13031,00ATGR,Osterley and Spring Grove,00AT,Hounslow,93.3,54.2,6.9,3.3,10.8,1.2,86.3,80,84.7,82.4,18.2,69.8,12,54.4,46,15.7
561,11270,00AGGL,Hampstead Town,00AG,Camden,111,54.2,13.4,1.6,6.1,0.7,57.5,82.7,86.6,84.6,17.5,66.6,15.9,20,40.9,10.4
562,10299,00BDFW,Barnes,00BD,Richmond upon Thames,61.4,54.4,17.9,2.1,9.1,1,64,82.3,84.8,83.6,20.4,64.9,14.7,14.3,32.2,8.3
563,12541,00ALGU,Eltham South,00AL,Greenwich,94.6,54.6,22.4,5.5,21.5,1,61.9,77.4,85.8,81.6,16.3,68,15.7,16.8,17.5,4.6
564,7483,00ANGK,Palace Riverside,00AN,Hammersmith and Fulham,82.6,54.7,14.2,1.8,9.9,0.9,40,80.9,89,85,18.3,67,14.7,15,34.1,8.2
565,10287,00BHGA,Chingford Green,00BH,Waltham Forest,72.7,54.9,15.4,4.9,24.2,1.1,60.6,77.7,84.4,81,17.7,60.5,21.8,14.7,13.1,3
566,11719,00AHGX,Selsdon and Ballards,00AH,Croydon,39.6,55.2,2,2.7,15.2,1.5,51.8,84.5,89.4,87,16.1,65,18.9,19.7,15.7,2.2
567,19730,00ALHE,Thamesmead Moorings,00AL,Greenwich,94.5,55.5,38,9.3,18.7,0.7,122.5,74.3,77.5,75.9,28.6,66.7,4.7,57.6,41.8,12.1
568,10387,00ASGR,Ickenham,00AS,Hillingdon,43.5,55.7,4.4,1.6,14.6,1.6,57.1,81.9,85.4,83.6,18.6,61.5,19.9,21.8,15.9,2.8
569,12466,00ARGE,Elm Park,00AR,Havering,50.6,55.7,15.1,5,29.6,1.1,63.2,76.9,84.5,80.7,17.9,62.7,19.4,13.7,10.9,2.1
570,12528,00ARGD,Cranham,00AR,Havering,34.7,55.9,4.8,2.7,22.2,1.3,47,80.8,84.5,82.6,17.2,59.3,23.5,5.6,6,1.1
571,11376,00AQGD,Harrow Weald,00AQ,Harrow,65.5,56.3,15.9,4.7,19.4,1.3,65.1,80.6,85.7,83.2,19.7,63.2,17.1,48.3,36.7,10.5
572,15121,00AJGT,Northolt West End,00AJ,Ealing,116.4,56.3,34.5,9.4,25.1,0.9,102.2,78.6,86,82.3,25.6,64.6,9.8,55.1,41.5,18.6
573,10021,00ABGA,Chadwell Heath,00AB,Barking and Dagenham,100.4,56.4,37,9.6,29.9,0.8,76.7,78.9,82.7,80.8,24.5,59.9,15.6,37.9,24.8,6.5
574,14127,00BHGG,High Sainteet,00BH,Waltham Forest,209.2,56.4,19,8.3,18.3,0.6,97.4,78.4,81.7,80,19.5,72.9,7.6,50.7,44.4,18
575,13006,00AKGW,Highlands,00AK,Enfield,40.6,56.5,7.4,3.3,18.7,1.2,50.7,81.5,90.5,86,16.9,64.6,18.5,20.8,20.9,5.4
576,11436,00BDGE,Kew,00BD,Richmond upon Thames,61.6,56.6,9.9,1.7,7.5,1,66.7,79,88.4,83.7,20.2,65.9,13.9,15.3,30.2,7.6
577,13194,00BHGH,Higham Hill,00BH,Waltham Forest,79.5,56.7,33.6,11.5,23.7,0.7,107.4,75.8,88,81.9,24.5,67.9,7.6,51.9,40.3,15.7
578,12244,00AHGJ,Coulsdon East,00AH,Croydon,39.3,56.8,12.5,3.5,18.2,1.4,65.1,81.8,85.7,83.8,19.2,61.2,19.6,15.4,11.8,1.5
579,13433,00ALHD,Shooters Hill,00AL,Greenwich,51.1,57.1,19.5,5.9,19.4,1,87.2,78,86.2,82.1,20.7,66.9,12.4,33.5,23.8,5.2
580,12471,00AQFZ,Canons,00AQ,Harrow,52.4,57.3,10.2,2.9,17.8,1.3,72.9,81.1,87.2,84.2,18.4,62,19.6,48.4,40.1,12.5
581,15159,00ACGP,Totteridge,00AC,Barnet,49.2,57.7,8.7,2.5,13,1.3,68.7,80.3,83,81.6,20.1,63.1,16.8,34.3,37.6,13.7
582,10679,00BBGT,Royal Docks,00BB,Newham,91.6,57.8,30.8,5.6,14.1,0.7,63.9,80.6,83.1,81.8,21.1,74.9,4,54.1,48.3,18.1
583,18451,00ACGM,Mill Hill,00AC,Barnet,82.4,59,12.8,3.8,14,1.3,63.8,80.7,86.6,83.6,22.8,64.1,13.1,36.1,34.4,10.2
584,15113,00AFGF,Bromley Common and Keston,00AF,Bromley,52.8,59.3,15.7,4.3,20.5,1.3,63.5,79.8,83.6,81.7,20.7,62.7,16.6,12.8,12.1,1.9
585,12953,00BCGK,Hainault,00BC,Redbridge,91.1,59.8,27.3,8.4,28.9,1,80.4,78.1,83.8,81,23,62.9,14.1,29.8,22.2,7.4
586,14831,00AFGJ,Chislehurst,00AF,Bromley,70.1,60,7.1,2.9,15.8,1.4,59.7,81.2,83,82.1,18,60.5,21.5,12,12.7,1.9
587,14355,00AKGX,Jubilee,00AK,Enfield,61.4,60.6,15.5,9.1,28.5,1,92,77.2,82.2,79.7,23.8,64.3,11.9,50.9,40.8,16.9
588,12650,00ARGJ,Harold Wood,00AR,Havering,72.9,60.7,16,4.8,25.8,1.2,60.4,79.8,82.6,81.2,17.4,65.2,17.4,10.1,9.4,2.5
589,10469,00ASGT,Northwood,00AS,Hillingdon,57.1,61,14.2,2.3,13.3,1.3,50.4,81.4,83.9,82.6,15.8,63.3,20.9,34.8,31.8,7
590,13213,00AHGP,Heathfield,00AH,Croydon,82.2,61.3,9.3,4.2,17.2,1.3,56.9,84.1,83.7,83.9,19,65.1,15.9,24.6,16.9,2.8
591,11207,00ADGJ,Cray Meadows,00AD,Bexley,46.2,61.6,22.8,4.1,25.1,1.2,61.7,76.9,79.5,78.2,20.5,61.9,17.6,11,9.9,2.3
592,8491,00BAGQ,Village,00BA,Merton,60.3,62.2,5.6,0.9,6.8,1.4,49.7,82.6,86.3,84.4,19.1,61.6,19.3,17.1,34,8.3
593,12067,00BKGP,Regent's Park,00BK,Westminster,76.4,62.2,19.1,2.2,13,0.6,54.1,80.9,83.5,82.2,15.3,68.4,16.3,43.7,59.9,23.7
594,12364,00ASGX,South Ruislip,00AS,Hillingdon,85,62.8,10.1,3.4,18.3,1.2,82.1,77.6,83.8,80.7,20.2,67.2,12.6,27,23.2,7.7
595,10330,00BDGL,Teddington,00BD,Richmond upon Thames,56.1,64,8.5,1.5,7.7,1.1,51.9,81.9,83.4,82.6,18.9,67.5,13.6,8.9,17.8,4.1
596,11543,00BCGU,Wanstead,00BC,Redbridge,85.9,64.2,14.3,3,15.2,1.1,70.2,79.9,84.3,82.1,19.4,66.1,14.5,30,22.8,5.7
597,10955,00AGGN,Highgate,00AG,Camden,92.1,65.2,34.1,5.2,12.6,0.7,45.9,82.3,84.1,83.2,17.8,67,15.2,20.2,27.1,5.5
598,11566,00ADGR,North End,00AD,Bexley,89.9,65.3,37.4,8.9,28.8,0.9,89.6,74,79,76.5,26.8,62.6,10.6,27,18.8,3.3
599,11098,00AMGL,King's Park,00AM,Hackney,61.9,67.7,57.9,13.6,24.6,0.5,66.2,77.2,85.7,81.4,25.6,65.2,9.2,62,43.3,13.4
600,9715,00BFGG,Carshalton South and Clockhouse,00BF,Sutton,37.1,68.2,10.6,3,15.5,1.5,53.7,80.2,82,81.1,20.9,63.8,15.3,16.7,13.9,2.4
601,14692,00ARGG,Gooshays,00AR,Havering,86.2,68.4,41.9,9.3,34.2,1,68.6,76.3,80.4,78.4,23.2,63.9,12.9,12.8,10.7,2.6
602,13788,00AKGP,Cockfosters,00AK,Enfield,55.9,68.8,12,4.3,19,1.3,46.1,81.5,86.8,84.2,17.2,63.8,19,26.3,30.5,9.5
603,9270,00BKGH,Knightsbridge and Belgravia,00BK,Westminster,184.9,69.1,3.9,0.4,5.7,0.9,30.9,89.9,93.4,91.6,11.5,75.3,13.2,30.4,59.6,23.9
604,14507,00AFGH,Chelsfield and Pratts Bottom,00AF,Bromley,32.7,69.2,4.6,2.3,16.4,1.5,52.6,83,85.6,84.3,19.3,62,18.7,9.7,9.7,1.3
605,15906,00AFGS,Hayes and Coney Hall,00AF,Bromley,38,69.5,3.1,2.2,15.7,1.4,48.9,80.5,86.7,83.6,20,62.1,17.9,8.3,8.7,1
606,12094,00ADGX,Thamesmead East,00AD,Bexley,68.5,70.5,38.4,9.7,20.8,0.8,117,77.9,83.8,80.8,27.2,66,6.8,52.7,38.1,7.6
607,16132,00BJGL,Roehampton,00BJ,Wandsworth,84.7,70.6,46,8.3,18.2,0.6,48.3,74.1,81.2,77.6,18.5,71,10.5,34.5,38.6,15.5
608,9951,00AFGE,Biggin Hill,00AF,Bromley,43.4,71.4,4.6,2.8,18.3,1.7,60,82.2,86.2,84.2,19,64.7,16.3,4.1,5.1,0.5
609,9985,00BDGA,Hampton,00BD,Richmond upon Thames,56.6,74.7,13.8,1.7,12.5,1.2,78.5,81.1,86.6,83.8,19.3,64.9,15.8,11.3,16.7,4
610,13000,00ARGK,Havering Park,00AR,Havering,51.8,75.3,20.6,6.4,30.4,1.3,58,75.3,79,77.2,21.3,62.8,15.9,12,9.1,1.5
611,10232,00AXGC,Chessington South,00AX,Kingston upon Thames,49.4,75.7,11.7,2.1,19.1,1.4,60.9,80,83.3,81.6,20.7,65.8,13.5,13,14.3,3.9
612,15445,00AFGM,Cray Valley East,00AF,Bromley,115.7,76.4,24.7,6.1,27.9,1,70.1,77.6,81.1,79.4,22.2,61.9,15.9,14.6,12.3,2.5
613,10348,00BDFX,East Sheen,00BD,Richmond upon Thames,58.3,76.7,7.6,1.5,6.6,1.1,85.9,84.5,88.5,86.5,22.9,63.2,13.9,9.3,23.6,5.5
614,14544,00BCFY,Aldborough,00BC,Redbridge,100.4,76.8,11.3,5.3,19.6,1.1,69.2,77.4,82.2,79.8,23,64.6,12.4,61.3,38.4,12.8
615,12482,00ARGQ,Rainham and Wennington,00AR,Havering,81.8,79,8.9,5.2,29.8,1.3,64.2,77.2,82,79.6,19,63.5,17.5,15.7,10.9,2.4
616,13762,00AKGN,Chase,00AK,Enfield,52.5,81.5,21.3,6.5,22.4,1.1,63.5,76.8,80.8,78.8,22.2,64.6,13.2,23.4,21,7
617,10317,00BDFZ,"Ham, Petersham and Richmond Riverside",00BD,Richmond upon Thames,65.8,81.9,18.5,3.1,14.1,1,68.8,78.3,86.4,82.4,19.1,64.2,16.7,15.9,30.5,7.6
618,12833,00ARGW,Upminster,00AR,Havering,49.5,82,1.9,31.6,19,1.4,38.6,80.1,81.6,80.8,16.8,60.7,22.5,4.8,6.1,0.9
619,7399,00ASGN,Harefield,00AS,Hillingdon,67.4,85.5,24,3.2,23.8,1.4,55.8,78.3,82.3,80.3,19.2,63.8,17,12.5,13.3,3.1
620,5110,00AFGQ,Darwin,00AF,Bromley,58.6,88.8,5.5,1.6,21.9,1.7,63.8,81.2,82.4,81.8,18.3,59.8,21.9,4.8,6.1,0.4
621,16414,00AZGW,Telegraph Hill,00AZ,Lewisham,71.7,99.9,36.6,8.2,14.4,0.6,53.8,76.4,78.8,77.6,19.5,73.5,7,49.4,36.9,10.9
