,Population2011Census,Wardcode,Ward name,Districtcode,District,Crimerate,Openspace,hhSocialRented,JobSeekers,Noqual,Carsperhousehold,GeneralFertilityRate,Malelifeexpectancy,Femalelifeexpectancy,LifeExpectancy,Children,Adult,Greaterthan65,nonwhite,NotBorninUK,NotEnglishspeaking
0,11201,00ANGQ,Town,00AN,Hammersmith and Fulham,117.7,0.0,23.7,3.6,9.4,0.6,47.3,78.8,81.1,79.94999999999999,16.6502990804392,76.1497009195608,7.2,22.7,40.5,11.9
1,11518,00ANGA,Addison,00AN,Hammersmith and Fulham,114.0,0.3,24.9,4.5,9.3,0.5,49.4,78.8,88.6,83.69999999999999,14.5598194130926,78.2401805869074,7.2,27.9,44.1,15.8
2,10800,00ADGN,Falconwood and Welling,00AD,Bexley,44.2,0.7,1.1,2.9,22.1,1.3,58.1,78.2,82.8,80.5,19.1111111111111,65.1888888888889,15.7,15.4,12.4,2.6
3,12321,00BEGH,East Dulwich,00BE,Southwark,65.3,0.7,20.3,4.6,12.3,0.7,76.7,81.2,82.9,82.05000000000001,17.5229283337391,73.7770716662609,8.7,28.2,25.9,5.6
4,12609,00BCFZ,Barkingside,00BC,Redbridge,64.3,1.3,4.7,4.2,17.2,1.2,68.7,81.0,85.7,83.35,20.2791656753113,64.9208343246887,14.8,64.2,40.5,12.8
5,12702,00AGGD,Belsize,00AG,Camden,67.6,1.3,19.6,3.3,8.4,0.6,83.4,82.3,83.9,83.1,17.4460714848055,70.5539285151945,12.0,27.8,46.3,14.0
6,10286,00BGGL,Spitalfields and Banglatown,00BG,Tower Hamlets,213.5,1.4,31.9,11.2,17.2,0.3,35.7,92.7,93.7,93.2,13.7079525568734,80.69204744312661,5.6,54.7,50.7,24.6
7,15032,00BEGD,Camberwell Green,00BE,Southwark,128.1,1.6,63.5,11.6,19.3,0.4,69.6,74.4,85.1,79.75,21.1881319850985,71.4118680149015,7.4,61.1,46.8,13.4
8,11991,00BKGC,Bryanston and Dorset Square,00BK,Westminster,255.3,2.1,7.8,3.3,8.2,0.4,56.0,85.6,88.7,87.15,10.6329747310483,78.7670252689517,10.6,37.2,61.3,28.8
9,17362,00BBGL,Forest Gate South,00BB,Newham,111.2,2.2,26.4,9.8,17.6,0.6,61.8,74.6,77.2,75.9,19.4102061974427,74.0897938025573,6.5,68.2,54.8,25.5
10,16883,00AHGE,Addiscombe,00AH,Croydon,69.4,2.3,13.7,5.1,15.3,0.7,64.9,76.8,81.4,79.1,18.6815139489427,71.6184860510573,9.7,43.6,34.5,10.2
11,15885,00BBGM,Green Sainteet East,00BB,Newham,70.4,2.4,12.8,9.5,20.3,0.6,96.4,81.9,83.0,82.45,22.2599937047529,72.0400062952471,5.7,89.9,62.2,33.2
12,14160,00BJGN,Shaftesbury,00BJ,Wandsworth,84.9,2.4,22.6,2.8,10.9,0.6,51.0,80.8,84.9,82.85,12.7189265536723,79.5810734463277,7.7,18.8,29.0,5.7
13,15198,00BJGF,Graveney,00BJ,Wandsworth,105.1,2.6,17.8,5.2,14.7,0.6,63.8,76.9,84.0,80.45,17.8707724700618,73.3292275299382,8.8,46.4,42.4,14.4
14,15214,00AZGG,Catford South,00AZ,Lewisham,57.0,3.0,12.6,6.5,17.3,0.9,68.9,77.4,81.4,79.4,21.4670698041278,67.2329301958722,11.3,56.2,32.2,7.1
15,11545,00ABFZ,Becontree,00AB,Barking and Dagenham,91.7,3.0,29.4,10.2,28.0,0.9,67.4,75.3,81.0,78.15,25.4395842355998,65.0604157644002,9.5,41.2,30.1,10.5
16,12034,00BKGF,Harrow Road,00BK,Westminster,95.3,3.0,43.4,10.4,18.4,0.4,77.5,77.1,92.1,84.6,18.8964600299152,72.6035399700848,8.5,49.0,48.2,17.9
17,13780,00BEGU,South Bermondsey,00BE,Southwark,107.3,3.0,52.3,8.7,21.9,0.5,60.5,77.2,81.1,79.15,20.5297532656023,72.2702467343977,7.2,44.8,41.1,14.6
18,9824,00AFHA,Shortlands,00AF,Bromley,26.6,3.1,6.2,1.7,12.1,1.3,48.2,83.0,87.9,85.45,18.5260586319218,61.7739413680782,19.7,15.6,16.0,3.6
19,10996,00ANGE,Fulham Broadway,00AN,Hammersmith and Fulham,111.6,3.1,36.2,4.6,14.8,0.5,50.4,76.2,79.4,77.80000000000001,13.5049108766824,76.1950891233176,10.3,29.9,43.9,15.6
20,15113,00BBGN,Green Sainteet West,00BB,Newham,85.5,3.2,13.5,9.7,21.6,0.7,86.8,80.7,86.6,83.65,21.0150201813009,71.5849798186991,7.4,89.3,61.1,32.7
21,11516,00BCGC,Church End,00BC,Redbridge,89.3,3.3,8.2,3.7,12.3,1.1,67.5,81.4,84.6,83.0,18.2354984369573,69.8645015630427,11.9,26.5,22.1,5.8
22,11394,00AQGT,Wealdstone,00AQ,Harrow,85.8,3.4,15.1,6.4,20.9,1.0,94.0,75.5,81.4,78.45,23.4246094435668,65.5753905564332,11.0,62.6,46.9,18.3
23,14160,00ANGB,Askew,00AN,Hammersmith and Fulham,73.1,3.6,34.8,6.7,13.7,0.5,50.8,74.6,78.2,76.4,17.2175141242938,74.9824858757062,7.8,37.0,42.5,14.8
24,14607,00AHGT,Purley,00AH,Croydon,81.7,3.8,7.6,4.4,12.9,1.2,79.6,79.6,83.6,81.6,19.4632710344355,65.53672896556449,15.0,31.6,23.1,5.0
25,14136,00BEGN,Newington,00BE,Southwark,97.6,3.8,54.2,7.8,19.4,0.4,48.1,77.5,83.2,80.35,17.282116581777,74.217883418223,8.5,48.2,42.5,13.6
26,10300,00BKGB,Bayswater,00BK,Westminster,118.2,3.8,20.4,4.4,7.5,0.4,43.2,91.6,85.1,88.35,11.747572815534,78.552427184466,9.7,31.1,56.1,23.9
27,10575,00BKGW,West End,00BK,Westminster,2100.2,3.9,23.5,3.4,9.6,0.4,38.1,93.2,99.6,96.4,7.91489361702128,81.18510638297872,10.9,32.4,56.8,24.2
28,9369,00BKGT,Warwick,00BK,Westminster,162.0,4.0,28.2,4.0,9.4,0.5,40.7,80.7,95.1,87.9,10.7161916960188,77.9838083039812,11.3,24.0,43.9,15.9
29,13389,00ANGR,Wormholt and White City,00AN,Hammersmith and Fulham,79.2,4.2,52.3,10.5,21.5,0.5,70.6,78.1,85.9,82.0,22.6603928598103,68.3396071401897,9.0,50.6,45.0,14.3
30,14604,00BHGD,Grove Green,00BH,Waltham Forest,69.1,4.3,9.1,7.1,15.7,0.6,80.5,74.4,80.8,77.6,19.0427280197206,73.8572719802794,7.1,53.2,53.0,21.2
31,12563,00BKGN,Queen's Park,00BK,Westminster,98.3,4.4,55.4,13.7,22.6,0.4,83.3,76.8,83.8,80.3,21.7702777998886,68.7297222001114,9.5,52.6,43.3,15.2
32,14129,00BEGM,Livesey,00BE,Southwark,126.4,4.5,66.9,13.1,23.8,0.4,80.0,77.0,81.5,79.25,23.5685469601529,67.3314530398471,9.1,62.2,44.3,11.9
33,15362,00BEGL,Grange,00BE,Southwark,140.5,4.5,45.0,7.6,15.7,0.4,59.7,77.9,81.1,79.5,14.1062361671657,79.3937638328343,6.5,39.1,38.3,10.8
34,18652,00AHGH,Broad Green,00AH,Croydon,219.7,4.5,27.5,8.3,20.2,0.7,83.8,75.3,83.8,79.55,25.7613124597898,67.13868754021021,7.1,68.6,46.2,16.9
35,14257,00BCGB,Chadwell,00BC,Redbridge,67.1,4.8,10.0,6.5,18.5,1.0,90.5,77.9,81.8,79.85,24.6685838535456,65.0314161464544,10.3,56.9,31.6,9.9
36,14483,00APGC,Bruce Grove,00AP,Haringey,111.6,4.9,28.2,15.3,22.5,0.5,83.9,75.2,83.0,79.1,22.460816129255,69.139183870745,8.4,55.9,55.5,23.5
37,13799,00BHFX,Cann Hall,00BH,Waltham Forest,84.6,5.0,28.3,10.5,19.2,0.6,106.8,77.0,81.3,79.15,21.689977534604,71.21002246539601,7.1,57.0,48.8,18.2
38,13269,00BHGR,William Morris,00BH,Waltham Forest,81.0,5.3,21.4,9.0,20.4,0.6,102.7,77.5,80.7,79.1,22.413143416987,69.586856583013,8.0,51.8,43.6,16.9
39,13417,00AGGQ,Kentish Town,00AG,Camden,126.3,5.3,33.3,5.6,13.6,0.4,55.2,73.5,78.4,75.95,15.8008496683312,74.59915033166881,9.6,28.4,34.2,10.4
40,14862,00BGGN,Whitechapel,00BG,Tower Hamlets,146.5,5.4,32.9,9.3,17.1,0.3,66.9,73.6,83.2,78.4,16.3706096083973,78.0293903916027,5.6,60.2,48.8,24.8
41,15178,00BEGF,Chaucer,00BE,Southwark,122.6,5.6,43.3,6.4,11.3,0.4,36.3,88.5,97.5,93.0,14.8240874950586,79.97591250494139,5.2,49.9,45.2,13.3
42,8977,00BAGE,Hillside,00BA,Merton,52.0,5.7,9.9,1.2,6.4,0.8,60.0,81.0,91.7,86.35,13.8242174445806,72.4757825554194,13.7,21.7,41.6,11.3
43,11986,00AGGJ,Frognal and Fitzjohns,00AG,Camden,65.2,5.7,7.1,1.9,6.1,0.8,55.6,80.0,85.6,82.8,17.9125646587686,68.0874353412314,14.0,25.8,48.5,14.6
44,10459,00AXGL,Surbiton Hill,00AX,Kingston upon Thames,30.3,5.8,7.5,1.7,10.7,1.0,54.2,79.1,81.9,80.5,16.7033177167989,69.79668228320111,13.5,19.0,25.0,7.0
45,9847,00AWGM,Queen's Gate,00AW,Kensington and Chelsea,100.2,5.8,4.0,1.5,3.8,0.6,50.7,94.5,86.6,90.55,14.3698588402559,76.2301411597441,9.4,28.7,63.2,24.9
46,12879,00BHGN,Leytonstone,00BH,Waltham Forest,109.2,5.8,15.4,7.5,15.1,0.7,60.0,76.8,84.0,80.4,16.4220824598183,76.0779175401817,7.5,47.6,42.6,15.4
47,11135,00ADGU,Saint Michael's,00AD,Bexley,30.0,5.9,7.0,3.7,21.8,1.4,56.4,83.2,88.4,85.80000000000001,22.1463852716659,64.15361472833409,13.7,17.3,11.6,2.4
48,10013,00AWFY,Abingdon,00AW,Kensington and Chelsea,97.2,5.9,9.4,2.8,6.3,0.6,62.2,84.6,87.1,85.85,15.4698891441127,72.8301108558873,11.7,32.6,59.6,26.1
49,15565,00BEGY,The Lane,00BE,Southwark,150.3,6.0,41.5,9.7,17.5,0.5,87.8,74.5,83.8,79.15,19.8393832316094,71.0606167683906,9.1,50.7,37.7,8.5
50,15982,00BBGC,Boleyn,00BB,Newham,109.5,6.1,25.8,9.8,22.4,0.6,89.0,75.6,82.4,79.0,24.9405581278939,67.5594418721061,7.5,78.1,54.8,26.4
51,13683,00BGFW,Bethnal Green North,00BG,Tower Hamlets,123.6,6.1,46.0,12.8,22.1,0.4,54.5,73.6,78.6,76.1,18.5558722502375,74.4441277497625,7.0,49.4,38.7,15.0
52,14029,00AJGF,Ealing Broadway,00AJ,Ealing,159.6,6.1,11.0,3.4,7.3,0.8,49.7,79.7,85.0,82.35,14.5484353838477,73.55156461615229,11.9,30.5,44.3,18.6
53,10366,00BKGM,Marylebone High Sainteet,00BK,Westminster,376.3,6.1,9.9,1.3,5.8,0.5,36.5,84.4,83.9,84.15,8.52787960640556,79.77212039359443,11.7,27.8,58.5,21.8
54,14915,00AEGR,Kensal Green,00AE,Brent,141.0,6.9,26.7,13.3,19.7,0.6,94.6,76.7,83.1,79.9,19.5507877975193,71.44921220248071,9.0,52.3,50.2,21.9
55,12373,00AXGA,Canbury,00AX,Kingston upon Thames,48.7,7.0,12.5,1.9,9.0,0.9,77.1,77.2,81.6,79.4,21.7004768447426,70.3995231552574,7.9,21.4,27.5,9.5
56,13174,00BEGC,Brunswick Park,00BE,Southwark,100.1,7.0,46.6,10.1,15.2,0.5,73.3,78.8,90.7,84.75,19.6599362380446,73.24006376195541,7.1,53.3,40.6,10.7
57,14720,00BEGQ,Peckham,00BE,Southwark,126.2,7.0,59.4,14.4,19.6,0.5,89.0,75.8,77.8,76.8,24.2663043478261,69.5336956521739,6.2,70.8,47.6,12.3
58,11138,00AQGH,Kenton East,00AQ,Harrow,45.6,7.2,14.8,3.7,23.4,1.2,60.4,78.2,85.9,82.05000000000001,18.737654875202,68.862345124798,12.4,73.4,57.1,24.7
59,11250,00BKGA,Abbey Road,00BK,Westminster,56.8,7.2,9.1,2.4,10.0,0.7,68.5,81.5,85.1,83.3,17.4577777777778,68.5422222222222,14.0,35.4,56.9,20.4
60,11925,00AGGG,Cantelowes,00AG,Camden,110.4,7.4,40.3,6.2,13.9,0.4,46.0,77.2,82.5,79.85,16.1844863731656,74.71551362683441,9.1,31.9,35.9,12.6
61,11448,00ATGT,Turnham Green,00AT,Hounslow,117.8,7.4,14.7,2.7,9.9,0.8,52.2,77.9,83.8,80.85,14.9807826694619,72.11921733053809,12.9,23.2,39.9,12.8
62,13023,00AGGP,Holborn and Covent Garden,00AG,Camden,480.3,7.5,42.5,6.0,12.9,0.3,40.3,75.6,82.8,79.19999999999999,12.8618597865315,77.7381402134685,9.4,39.8,45.6,16.3
63,11760,00BKGE,Church Sainteet,00BK,Westminster,111.0,7.6,55.8,12.4,28.1,0.3,54.3,73.4,76.4,74.9,23.1632653061224,65.4367346938776,11.4,61.7,52.7,27.2
64,16201,00AHGG,Bensham Manor,00AH,Croydon,68.8,7.7,11.9,8.5,17.9,0.8,90.1,80.9,84.3,82.6,23.0603049194494,67.1396950805506,9.8,73.5,45.3,12.9
65,12420,00AQGB,Greenhill,00AQ,Harrow,151.9,7.7,11.4,5.3,11.7,0.8,63.3,76.4,82.1,79.25,16.8276972624799,72.77230273752009,10.4,58.5,52.7,20.7
66,14666,00BCGE,Clementswood,00BC,Redbridge,183.3,7.7,10.7,9.1,18.6,0.8,93.1,76.7,81.2,78.95,26.6398472657848,65.9601527342152,7.4,84.2,55.6,25.1
67,9599,00BFGP,Sutton South,00BF,Sutton,43.5,8.1,11.9,3.5,15.7,0.9,85.8,77.2,81.7,79.45,14.8765496405876,67.6234503594124,17.5,24.4,29.4,9.7
68,12400,00AUGK,Saint George's,00AU,Islington,93.2,8.1,38.0,6.9,16.5,0.5,44.6,75.4,82.9,79.15,16.2258064516129,74.67419354838711,9.1,28.1,32.8,10.6
69,15921,00ARGR,Romford Town,00AR,Havering,225.4,8.1,13.0,5.0,21.0,0.9,70.0,76.4,81.0,78.7,17.6747691727907,68.3252308272093,14.0,16.4,16.6,5.6
70,12364,00AGGM,Haverstock,00AG,Camden,118.8,8.2,49.2,7.7,18.6,0.4,65.9,76.7,81.4,79.05000000000001,19.4920737625364,69.40792623746361,11.1,37.1,36.3,10.7
71,12259,00AQGK,Marlborough,00AQ,Harrow,83.2,8.3,11.1,6.1,17.1,0.9,75.1,78.9,84.3,81.6,20.6949995921364,68.70500040786361,10.6,62.9,51.6,20.2
72,11004,00ANGH,Munster,00AN,Hammersmith and Fulham,75.5,8.5,18.1,2.8,9.7,0.7,54.5,85.3,84.5,84.9,15.0672482733551,76.53275172664489,8.4,19.3,38.3,10.7
73,8792,00AWGG,Hans Town,00AW,Kensington and Chelsea,108.6,8.5,16.4,2.2,9.2,0.6,48.2,98.1,92.3,95.19999999999999,12.590991810737,72.80900818926301,14.6,23.5,55.6,24.8
74,13195,00BKGJ,Lancaster Gate,00BK,Westminster,172.3,8.6,10.5,3.4,7.1,0.4,46.5,93.7,88.1,90.9,11.5953012504737,80.0046987495263,8.4,33.7,64.6,32.2
75,12216,00ANGC,Avonmore and Brook Green,00AN,Hammersmith and Fulham,81.2,8.8,21.9,4.7,9.3,0.5,43.0,79.2,82.9,81.05000000000001,12.352652259332,77.447347740668,10.2,35.5,52.2,20.4
76,12060,00AGGX,West Hampstead,00AG,Camden,97.6,8.8,22.2,4.6,9.5,0.5,55.6,77.9,83.0,80.45,12.5456053067993,79.05439469320069,8.4,30.5,43.3,13.9
77,12462,00BKGG,Hyde Park,00BK,Westminster,155.4,8.9,9.8,2.9,11.1,0.5,46.0,87.9,91.3,89.6,12.7427379232868,77.3572620767132,9.9,44.7,64.2,34.1
78,17162,00AEGQ,Harlesden,00AE,Brent,189.6,8.9,44.0,23.4,24.1,0.5,106.9,71.9,80.6,76.25,25.8652837664608,66.1347162335392,8.0,67.0,52.9,23.0
79,8187,00AWGR,Saintnley,00AW,Kensington and Chelsea,134.7,9.1,13.1,2.0,7.3,0.7,48.2,81.2,82.8,82.0,14.5840967387321,70.9159032612679,14.5,19.0,48.7,19.3
80,10546,00ADGE,Brampton,00AD,Bexley,31.7,9.2,4.4,2.7,22.9,1.3,43.9,80.4,84.9,82.65,17.2482457803907,61.8517542196093,20.9,13.1,10.4,1.6
81,10892,00AGGE,Bloomsbury,00AG,Camden,438.7,9.2,28.6,4.2,7.8,0.2,22.1,77.2,81.6,79.4,7.13367609254499,82.86632390745501,10.0,40.4,51.2,19.5
82,9537,00AWGK,Notting Barns,00AW,Kensington and Chelsea,100.5,9.3,55.8,9.3,19.4,0.5,67.1,78.9,84.7,81.80000000000001,20.1740589283842,68.4259410716158,11.4,42.7,41.6,14.6
83,11490,00AUGB,Clerkenwell,00AU,Islington,195.4,9.3,42.3,5.6,15.1,0.4,29.2,77.6,84.9,81.25,12.236727589208,79.563272410792,8.2,29.3,38.5,12.6
84,11923,00ANGG,Hammersmith Broadway,00AN,Hammersmith and Fulham,230.4,9.4,39.9,5.5,15.0,0.5,43.4,74.0,81.9,77.95,15.9607481338589,73.9392518661411,10.1,33.9,40.5,13.4
85,10616,00ADGC,Blackfen and Lamorbey,00AD,Bexley,25.8,9.5,3.8,2.1,22.4,1.3,53.3,84.2,84.6,84.4,19.6590052750565,62.8409947249435,17.5,7.3,7.1,1.2
86,14679,00BJGH,Nightingale,00BJ,Wandsworth,63.7,9.5,13.1,2.7,8.9,0.7,63.3,75.3,79.2,77.25,16.2068260780707,74.2931739219293,9.5,21.4,27.7,6.7
87,10200,00BFGT,Wallington South,00BF,Sutton,72.0,9.5,16.4,4.2,18.7,1.1,53.0,178.0,81.7,129.85,18.2058823529412,64.4941176470588,17.3,21.3,18.5,4.3
88,13023,00AEGL,Brondesbury Park,00AE,Brent,91.6,9.6,21.5,5.3,15.9,0.7,67.2,80.3,84.7,82.5,16.7933655839668,71.1066344160332,12.1,43.8,47.2,16.2
89,11553,00AUGL,Saint Mary's,00AU,Islington,253.8,9.6,41.5,5.1,15.5,0.4,47.0,73.6,82.4,78.0,13.6674456851034,76.7325543148966,9.6,25.3,33.1,10.0
90,15618,00AZGS,Perry Vale,00AZ,Lewisham,74.7,9.7,26.5,7.1,16.2,0.7,73.5,76.2,80.8,78.5,20.6876680752977,69.71233192470231,9.6,42.5,30.5,7.2
91,15529,00AEGU,Mapesbury,00AE,Brent,97.9,9.7,19.2,7.3,14.5,0.6,72.6,78.6,86.0,82.3,16.066713890141,75.633286109859,8.3,43.4,52.3,21.3
92,12175,00ANGP,Shepherd's Bush Green,00AN,Hammersmith and Fulham,349.3,9.7,37.9,8.2,13.9,0.4,52.6,72.7,85.4,79.05000000000001,14.7926078028747,77.60739219712531,7.6,40.1,47.2,16.4
93,10813,00ANGL,Parsons Green and Walham,00AN,Hammersmith and Fulham,124.0,9.8,20.6,3.0,9.5,0.8,61.6,80.3,84.6,82.44999999999999,18.0430962730047,71.7569037269953,10.2,17.8,38.2,10.8
94,9104,00AWGE,Earl's Court,00AW,Kensington and Chelsea,105.6,10.0,22.7,5.1,8.4,0.4,44.9,82.2,92.6,87.4,11.4674868189807,79.7325131810193,8.8,35.4,61.0,29.6
95,12658,00ATGP,Hounslow West,00AT,Hounslow,130.4,10.2,18.9,4.6,16.3,0.9,95.8,76.4,81.5,78.95,17.4435139832517,71.35648601674829,11.2,75.9,62.6,29.4
96,15032,00AYGE,Ferndale,00AY,Lambeth,172.6,10.2,37.4,6.6,13.3,0.4,37.5,74.8,82.6,78.69999999999999,12.5598722724854,81.2401277275146,6.2,40.4,41.7,11.8
97,15470,00BBGR,Plaistow North,00BB,Newham,74.0,10.3,41.7,11.3,23.6,0.5,96.0,75.3,82.2,78.75,23.6005171299289,69.2994828700711,7.1,73.4,52.1,23.6
98,10641,00BFGJ,Nonsuch,00BF,Sutton,50.7,10.4,3.6,1.7,18.6,1.4,52.0,81.6,87.4,84.5,18.5508880744291,64.1491119255709,17.3,15.3,15.7,3.6
99,12917,00AUGJ,Mildmay,00AU,Islington,88.9,10.4,47.0,6.8,17.4,0.4,48.5,76.9,81.0,78.95,18.2550127738639,73.9449872261361,7.8,34.5,33.8,10.6
100,11822,00AUGM,Saint Peter's,00AU,Islington,149.9,10.4,40.4,5.9,17.3,0.4,62.3,76.7,80.1,78.4,14.8198274403654,75.3801725596346,9.8,25.6,32.0,9.5
101,15030,00AUGE,Highbury West,00AU,Islington,86.8,10.5,33.5,6.0,12.6,0.4,54.4,75.3,85.1,80.19999999999999,15.189620758483,78.110379241517,6.7,32.1,34.5,12.8
102,14580,00APGQ,Tottenham Green,00AP,Haringey,151.9,10.5,39.2,12.7,22.7,0.4,64.6,72.5,82.8,77.65,20.4183813443073,71.38161865569269,8.2,52.8,55.0,25.8
103,8377,00AWGB,Colville,00AW,Kensington and Chelsea,197.2,10.5,45.2,6.4,13.1,0.4,53.3,78.0,88.4,83.2,14.0981258206995,76.2018741793005,9.7,34.0,44.4,15.5
104,11865,00BCGS,Snaresbrook,00BC,Redbridge,67.8,10.6,11.8,2.8,14.9,1.0,68.8,77.9,84.8,81.35,15.4150863885377,66.9849136114623,17.6,30.2,27.2,6.5
105,11589,00ANGJ,North End,00AN,Hammersmith and Fulham,97.7,10.6,28.6,4.7,11.2,0.4,42.3,79.1,89.8,84.44999999999999,12.5722668047286,80.8277331952714,6.6,34.2,47.9,19.4
106,13912,00BHGJ,Hoe Sainteet,00BH,Waltham Forest,110.2,10.6,27.0,11.5,19.0,0.6,79.1,75.9,81.7,78.80000000000001,21.0753306497987,70.1246693502013,8.8,49.9,42.8,17.2
107,11124,00AQGP,Rayners Lane,00AQ,Harrow,44.4,10.7,2.2,3.2,13.7,1.3,64.9,82.1,85.0,83.55,20.631067961165,65.46893203883499,13.9,65.5,48.0,17.6
108,9437,00AXFY,Berrylands,00AX,Kingston upon Thames,34.1,10.8,17.4,2.4,11.9,1.0,60.4,78.4,83.9,81.15,16.9227508742185,68.17724912578149,14.9,18.1,24.1,6.9
109,8839,00AWFZ,Brompton,00AW,Kensington and Chelsea,291.9,10.8,12.3,1.4,6.6,0.6,47.3,84.8,90.5,87.65,14.0513632763887,72.9486367236113,13.0,24.4,61.7,26.8
110,15917,00BBGG,East Ham Central,00BB,Newham,174.4,10.9,15.7,8.4,19.3,0.6,104.2,75.1,81.7,78.4,22.4539800213608,70.44601997863921,7.1,81.9,61.4,29.1
111,9750,00AXGE,Coombe Vale,00AX,Kingston upon Thames,36.4,11.0,6.9,1.8,11.7,1.2,51.4,80.2,85.3,82.75,21.2410256410256,65.4589743589744,13.3,33.4,33.5,11.1
112,15022,00BJGC,East Putney,00BJ,Wandsworth,49.0,11.0,11.3,2.2,7.9,0.7,45.7,80.7,85.1,82.9,13.2738649980029,75.72613500199711,11.0,20.6,39.4,9.3
113,11343,00AQFY,Belmont,00AQ,Harrow,56.1,11.0,3.7,2.8,15.1,1.5,81.1,82.1,85.5,83.8,21.2465837961739,65.7534162038261,13.0,58.7,41.6,13.2
114,12201,00AUFX,Barnsbury,00AU,Islington,150.3,11.0,38.5,5.0,16.3,0.5,45.1,75.0,79.5,77.25,14.8840258995164,75.71597410048359,9.4,28.9,35.5,10.9
115,15169,00ATGL,Hounslow Central,00AT,Hounslow,213.4,11.1,16.9,3.9,12.8,0.7,81.6,78.5,87.0,82.75,18.5312149779155,71.9687850220845,9.5,70.7,64.5,29.5
116,14613,00BJGD,Fairfield,00BJ,Wandsworth,83.7,11.2,15.2,2.4,8.5,0.7,46.2,77.2,80.3,78.75,12.6736467528913,80.6263532471087,6.7,22.1,32.5,7.1
117,16539,00AHHA,Thornton Heath,00AH,Croydon,95.9,11.2,19.7,11.3,18.7,0.7,87.1,75.6,82.8,79.19999999999999,25.0256968377774,65.8743031622226,9.1,67.1,37.6,9.4
118,16989,00AEGT,Kilburn,00AE,Brent,123.3,11.2,45.0,13.3,17.1,0.4,81.4,76.2,84.2,80.2,18.6002707634352,72.7997292365648,8.6,50.0,48.1,18.4
119,17768,00BBGU,Saintatford and New Town,00BB,Newham,185.7,11.2,31.8,7.0,13.9,0.4,49.1,78.5,79.7,79.1,15.4547501125619,78.94524988743811,5.6,59.2,54.9,23.5
120,15059,00AEGN,Dudden Hill,00AE,Brent,112.1,11.5,19.9,9.1,19.8,0.8,76.0,85.3,88.1,86.69999999999999,20.3997609403015,69.90023905969849,9.7,55.9,56.2,23.8
121,13939,00APGK,Noel Park,00AP,Haringey,247.3,11.5,38.2,12.1,20.8,0.5,53.0,74.8,84.7,79.75,19.0974962335892,72.4025037664108,8.5,45.2,51.7,25.4
122,14480,00BGGB,Bromley-by-Bow,00BG,Tower Hamlets,78.0,11.7,,,,,80.8,76.3,83.0,79.65,26.7334254143646,67.4665745856354,5.8,70.4,43.5,22.0
123,14751,00BJFZ,Balham,00BJ,Wandsworth,90.3,11.7,10.9,2.4,7.1,0.7,59.5,79.3,84.4,81.85,15.687072062911,76.512927937089,7.8,19.4,28.5,6.5
124,14573,00AZGP,Lee Green,00AZ,Lewisham,84.4,11.9,21.2,6.3,14.6,0.7,78.0,77.1,81.2,79.15,19.3096822891649,69.7903177108351,10.9,33.7,28.9,8.1
125,7659,00AWGL,Pembridge,00AW,Kensington and Chelsea,163.4,11.9,12.7,2.7,6.2,0.5,40.4,82.1,85.7,83.9,13.3176654915785,74.88233450842151,11.8,22.1,51.2,20.2
126,9816,00BAGD,Graveney,00BA,Merton,61.0,12.3,3.9,6.0,15.8,0.9,91.8,82.9,85.6,84.25,18.2457212713936,70.8542787286064,10.9,57.5,54.1,23.1
127,13866,00BBGH,East Ham North,00BB,Newham,79.7,12.3,17.6,8.9,19.9,0.7,92.8,71.3,76.9,74.1,21.8736477715275,70.22635222847249,7.9,90.8,60.2,31.5
128,12212,00AMGD,Clissold,00AM,Hackney,82.5,12.3,34.0,5.6,14.3,0.5,60.9,77.1,83.5,80.3,18.7111038322961,74.6888961677039,6.6,34.7,32.0,10.6
129,15190,00BGGE,Mile End and Globe Town,00BG,Tower Hamlets,85.0,12.4,46.0,8.8,19.5,0.4,35.2,76.5,86.4,81.45,18.8940092165899,74.50599078341011,6.6,52.6,40.6,16.4
130,15358,00BJGG,Latchmere,00BJ,Wandsworth,85.0,12.5,47.0,8.2,17.9,0.4,59.1,73.0,81.5,77.25,18.9608021877849,72.5391978122151,8.5,44.5,39.7,11.5
131,14859,00BGGC,East India and Lansbury,00BG,Tower Hamlets,107.4,12.5,57.5,19.5,30.7,0.4,102.2,74.9,81.8,78.35,27.7676828857931,65.2323171142069,7.0,63.7,39.5,18.6
132,13392,00AMGB,Cazenove,00AM,Hackney,63.2,12.8,33.8,9.9,23.5,0.4,116.6,74.4,86.7,80.55000000000001,28.3751493428913,66.22485065710869,5.4,43.3,36.4,16.4
133,10323,00BAFX,Abbey,00BA,Merton,82.0,12.8,14.1,2.0,10.1,0.7,52.6,80.0,81.0,80.5,15.7318608931512,75.76813910684879,8.5,26.6,38.3,12.5
134,10993,00BFGM,Sutton Central,00BF,Sutton,179.9,12.9,22.7,5.6,18.6,0.8,78.5,75.7,80.3,78.0,18.7573910670427,69.7426089329573,11.5,24.1,26.9,99.7
135,11128,00ADGG,Colyers,00AD,Bexley,44.6,13.1,29.4,6.7,25.1,1.1,85.7,78.2,80.2,79.2,22.1872753414809,63.3127246585191,14.5,17.7,12.3,2.0
136,15605,00AZGU,Sydenham,00AZ,Lewisham,83.7,13.1,34.7,8.0,18.7,0.7,71.8,75.4,80.3,77.85,20.1666132649792,67.93338673502079,11.9,41.8,30.2,7.1
137,15842,00AYGA,Brixton Hill,00AY,Lambeth,112.2,13.1,32.2,7.9,13.8,0.5,44.5,74.8,78.4,76.6,15.7050877414468,77.2949122585532,7.0,41.5,37.4,11.1
138,14777,00AYGN,,00AY,,94.4,13.2,45.0,9.2,16.2,0.4,,,,,,,,,,
139,14550,00AYGM,Saint Leonard's,00AY,Lambeth,129.7,13.2,14.0,7.3,12.6,0.6,69.1,76.2,82.3,79.25,17.0378006872852,75.36219931271481,7.6,38.9,40.4,15.8
140,13795,00AYGC,Clapham Town,00AY,Lambeth,179.5,13.2,29.7,5.1,10.9,0.5,37.9,75.5,81.7,78.6,14.5922435665096,78.10775643349041,7.3,29.3,35.2,7.8
141,13311,00AUGN,Tollington,00AU,Islington,87.4,13.3,41.9,7.8,17.3,0.4,46.2,72.4,80.8,76.6,17.7221846593043,74.2778153406957,8.0,35.8,34.5,12.6
142,14763,00AYGH,Knight's Hill,00AY,Lambeth,90.8,13.3,30.6,9.1,15.9,0.6,73.7,74.4,79.4,76.9,23.2473074578338,67.7526925421662,9.0,47.7,35.3,11.6
143,8933,00AWGC,Courtfield,00AW,Kensington and Chelsea,99.4,13.3,9.1,2.7,3.8,0.5,49.6,83.5,92.2,87.85,12.5153923653868,78.3846076346132,9.1,24.8,61.4,28.3
144,12445,00AMGS,Saintke Newington Central,00AM,Hackney,111.6,13.3,32.2,8.3,14.2,0.4,50.1,74.9,85.9,80.4,15.9582161510647,77.0417838489353,7.0,39.9,36.6,13.0
145,16533,00ACGR,West Finchley,00AC,Barnet,76.1,13.4,7.2,3.3,12.2,0.9,64.6,79.9,81.6,80.75,17.5588217504385,69.9411782495615,12.5,39.2,44.7,19.0
146,12038,00AGGR,Kilburn,00AG,Camden,135.2,13.4,42.1,8.0,17.4,0.4,59.4,72.0,78.9,75.45,17.311845821565,71.488154178435,11.2,40.1,47.9,18.7
147,10598,00ADGS,Northumberland Heath,00AD,Bexley,41.1,13.5,9.3,3.8,23.3,1.3,50.0,78.5,82.9,80.7,20.6170975655784,64.2829024344216,15.1,14.5,9.8,1.9
148,17156,00AZGF,Brockley,00AZ,Lewisham,118.9,13.5,30.1,8.4,11.8,0.5,53.0,75.0,80.1,77.55,15.2483096292842,78.2516903707158,6.5,43.1,36.8,10.5
149,13818,00AGGU,Saint Pancras and Somers Town,00AG,Camden,120.8,13.5,61.2,10.8,22.7,0.3,75.8,75.5,85.3,80.4,19.9594731509625,70.6405268490375,9.4,49.0,42.4,17.9
150,11843,00AGGS,King's Cross,00AG,Camden,164.3,13.5,46.1,7.5,12.1,0.2,34.1,76.9,81.5,79.2,14.506459511948,78.293540488052,7.2,49.2,50.9,22.4
151,14639,00AUFY,Bunhill,00AU,Islington,179.7,13.5,47.3,6.5,15.8,0.3,44.5,75.5,82.1,78.8,13.4503722931894,78.64962770681059,7.9,34.5,41.9,16.6
152,17446,00AZGQ,Lewisham Central,00AZ,Lewisham,185.1,13.6,27.4,8.2,16.1,0.5,67.4,71.4,77.6,74.5,18.3308494783905,73.26915052160949,8.4,51.6,41.2,12.4
153,15715,00ACGF,Finchley Church End,00AC,Barnet,53.5,13.7,4.9,3.4,12.3,1.2,72.1,82.4,86.3,84.35,18.7527839643653,64.7472160356347,16.5,33.1,40.9,14.5
154,15155,00AEGZ,Queensbury,00AE,Brent,85.0,13.7,15.3,4.2,21.4,1.2,73.2,85.1,85.8,85.44999999999999,20.0857802705378,67.7142197294622,12.2,72.9,57.7,24.1
155,16257,00BBGK,Forest Gate North,00BB,Newham,90.8,13.8,28.9,8.7,17.8,0.6,69.6,74.2,79.8,77.0,21.2708371778311,71.8291628221689,6.9,64.1,50.5,21.0
156,14123,00BCGT,Valentines,00BC,Redbridge,146.7,13.8,8.9,8.8,16.6,0.8,99.7,75.9,86.4,81.15,24.0317213056716,67.2682786943284,8.7,77.6,50.3,21.0
157,10910,00ADGD,Blendon and Penhill,00AD,Bexley,36.6,13.9,2.6,2.4,21.5,1.4,59.0,82.4,85.3,83.85,19.5325389550871,62.567461044912896,17.9,9.5,7.8,1.7
158,12548,00AMGG,Hackney Central,00AM,Hackney,136.8,14.1,50.7,11.0,18.4,0.3,68.7,75.0,80.3,77.65,17.5964297099139,74.70357029008609,7.7,52.7,40.5,12.8
159,13439,00AJGY,Southall Broadway,00AJ,Ealing,147.1,14.1,16.4,8.5,23.8,0.9,103.1,81.2,82.4,81.80000000000001,21.1846119502939,68.3153880497061,10.5,93.7,64.1,36.0
160,12395,00APGD,Crouch End,00AP,Haringey,80.9,14.2,10.2,3.4,6.4,0.7,59.1,78.1,82.3,80.19999999999999,15.8612343686971,75.2387656313029,8.9,18.0,29.2,7.6
161,14263,00AYGP,Sainteatham Hill,00AY,Lambeth,81.5,14.2,24.9,6.5,13.5,0.6,57.1,76.4,79.9,78.15,18.3201290051181,73.27987099488189,8.4,37.9,37.8,12.4
162,13643,00AMGF,De Beauvoir,00AM,Hackney,100.9,14.2,39.9,9.4,15.6,0.4,53.7,77.7,81.5,79.6,16.1034962984681,76.8965037015319,7.0,39.9,37.8,11.7
163,13474,00AJHA,Southfield,00AJ,Ealing,72.4,14.3,9.8,3.1,9.0,0.8,74.3,80.7,86.7,83.7,17.3074068576518,72.6925931423482,10.0,20.8,36.2,10.7
164,11135,00AQGG,Headstone South,00AQ,Harrow,40.5,14.4,7.2,3.7,13.1,1.1,73.0,80.0,89.5,84.75,20.3682083520431,67.6317916479569,12.0,56.5,44.2,15.9
165,12072,00AUGA,Canonbury,00AU,Islington,103.9,14.4,47.2,6.8,19.2,0.4,50.0,74.7,84.1,79.4,17.3376408217363,72.9623591782637,9.7,28.2,29.7,9.1
166,16784,00AYGD,Coldharbour,00AY,Lambeth,194.9,14.4,59.1,15.0,17.6,0.4,63.0,73.1,80.0,76.55,21.5622020972355,72.3377979027645,6.1,62.1,43.7,13.3
167,12659,00APGH,Hornsey,00AP,Haringey,66.1,14.5,29.5,8.6,13.8,0.6,57.5,74.7,83.2,78.95,18.1293941069595,73.6706058930405,8.2,31.0,32.2,10.5
168,12900,00AGGW,Swiss Cottage,00AG,Camden,87.0,14.5,16.5,2.9,9.0,0.6,68.6,81.6,85.0,83.3,16.4883720930233,71.9116279069767,11.6,32.4,51.2,17.8
169,10712,00BAFZ,Colliers Wood,00BA,Merton,92.8,14.5,12.6,3.5,13.3,0.7,62.9,77.6,83.3,80.44999999999999,14.1896938013443,77.7103061986557,8.1,40.1,47.2,16.3
170,16404,00BBGS,Plaistow South,00BB,Newham,125.3,14.5,25.1,10.5,21.8,0.6,102.3,75.4,83.4,79.4,25.1097293343087,68.29027066569131,6.6,67.3,51.7,21.9
171,18818,00ACGH,Golders Green,00AC,Barnet,83.3,14.6,13.3,4.5,16.4,1.0,98.7,78.3,84.2,81.25,27.1867361037305,60.813263896269504,12.0,34.2,45.8,17.5
172,11653,00AQGA,Edgware,00AQ,Harrow,63.9,15.0,10.3,4.3,22.5,1.1,91.0,79.6,83.9,81.75,20.2866214708659,68.3133785291341,11.4,65.3,56.5,24.8
173,13206,00BGGM,Weavers,00BG,Tower Hamlets,195.8,15.0,43.4,11.7,20.6,0.3,55.1,78.9,82.2,80.55000000000001,17.3406027563229,75.65939724367709,7.0,47.9,41.2,16.7
174,20049,00ACFZ,Childs Hill,00AC,Barnet,107.1,15.1,12.5,6.2,13.7,0.8,69.0,77.4,82.0,79.7,19.1730260860891,68.4269739139109,12.4,38.9,51.2,23.0
175,9275,00BAGB,Dundonald,00BA,Merton,79.0,15.2,3.7,1.4,7.8,0.8,77.3,80.0,90.1,85.05,16.4851752021563,73.7148247978437,9.8,18.1,35.6,7.3
176,12613,00AGGF,Camden Town with Primrose Hill,00AG,Camden,411.2,15.2,30.5,5.4,11.7,0.5,56.3,79.6,84.4,82.0,15.373027828431,73.326972171569,11.3,26.4,38.8,12.1
177,15811,00ACGN,Oakleigh,00AC,Barnet,59.6,15.3,7.3,3.7,14.7,1.3,72.5,78.9,84.3,81.6,19.1006261463538,64.4993738536462,16.4,26.7,28.5,8.6
178,14051,00AKGL,Bowes,00AK,Enfield,61.8,15.3,10.7,6.8,16.7,0.8,85.4,78.5,83.8,81.15,17.2443242473845,72.15567575261551,10.6,38.6,47.5,23.3
179,8675,00AWGJ,Norland,00AW,Kensington and Chelsea,91.0,15.3,38.5,5.4,14.2,0.6,73.9,87.0,88.6,87.8,17.4755043227666,67.7244956772334,14.8,25.6,40.7,14.4
180,14941,00BEGE,Cathedrals,00BE,Southwark,208.6,15.3,42.8,7.1,12.7,0.4,26.6,75.0,93.3,84.15,10.6887089217589,81.91129107824109,7.4,38.4,40.0,10.4
181,12828,00AQGQ,Roxbourne,00AQ,Harrow,53.5,15.4,25.4,5.7,19.2,1.0,62.1,75.0,84.5,79.75,24.4543186778921,65.7456813221079,9.8,66.3,48.4,20.9
182,15162,00AKGZ,Palmers Green,00AK,Enfield,80.2,15.4,9.0,5.7,20.6,1.0,64.8,78.9,83.3,81.1,18.8431605329112,67.8568394670888,13.3,35.4,41.4,18.1
183,12875,00ALGQ,Blackheath Westcombe,00AL,Greenwich,76.4,15.5,22.4,3.4,12.1,0.8,69.3,79.4,83.8,81.6,16.2796116504854,68.7203883495146,15.0,16.9,23.0,5.2
184,10633,00BKGK,Little Venice,00BK,Westminster,101.8,15.5,18.5,3.7,11.5,0.6,70.0,80.2,92.5,86.35,17.201166180758,72.998833819242,9.8,35.6,52.6,19.9
185,13670,00AMGQ,Queensbridge,00AM,Hackney,149.1,15.6,50.1,12.2,18.8,0.4,69.8,75.9,82.6,79.25,17.542062911485,74.25793708851499,8.2,44.7,38.3,11.8
186,9798,00BAGP,Trinity,00BA,Merton,117.0,15.7,11.9,2.8,9.2,0.8,93.8,80.6,83.9,82.25,16.9320269442743,74.8679730557257,8.2,22.2,36.1,9.8
187,12288,00ATGH,Heston Central,00AT,Hounslow,78.6,15.8,19.5,4.6,17.3,1.1,80.8,77.2,83.2,80.2,20.8414713541667,68.2585286458333,10.9,76.6,54.7,23.9
188,11264,00AGGK,Gospel Oak,00AG,Camden,79.1,15.9,45.9,6.3,17.8,0.5,53.7,74.9,82.5,78.7,19.6022727272727,68.19772727272729,12.2,30.1,34.9,10.4
189,14358,00AUGC,Finsbury Park,00AU,Islington,182.9,15.9,43.4,9.6,20.6,0.3,46.8,74.2,78.8,76.5,18.4148210057111,73.0851789942889,8.5,42.9,41.6,17.5
190,14296,00AHGY,Shirley,00AH,Croydon,39.6,16.0,18.5,4.7,19.1,1.2,71.4,83.0,85.4,84.2,20.6281477336318,62.67185226636819,16.7,30.9,19.7,3.9
191,14906,00AKHE,Town,00AK,Enfield,54.5,16.0,6.1,3.8,17.4,1.2,61.6,79.9,83.8,81.85,20.1730846638937,64.92691533610629,14.9,18.0,17.1,4.4
192,9867,00ABGM,Valence,00AB,Barking and Dagenham,88.6,16.0,37.4,9.5,32.1,0.8,101.1,72.6,78.0,75.3,25.6916996047431,62.208300395256906,12.1,31.5,23.3,7.1
193,16476,00AHGS,Norbury,00AH,Croydon,77.4,16.1,13.8,6.6,16.2,1.0,73.7,81.5,82.8,82.15,21.0184510803593,65.5815489196407,13.4,62.3,43.6,13.0
194,15560,00AFGK,Clock House,00AF,Bromley,51.4,16.3,12.6,3.7,15.2,1.0,77.7,78.8,84.7,81.75,19.7879177377892,68.7120822622108,11.5,20.6,17.3,3.9
195,14579,00AJGZ,Southall Green,00AJ,Ealing,102.7,16.3,13.6,10.9,23.6,0.9,111.7,75.9,87.1,81.5,22.3266341998765,69.47336580012349,8.2,91.4,63.3,36.7
196,10785,00ANGM,Ravenscourt Park,00AN,Hammersmith and Fulham,107.6,16.3,23.2,3.4,9.9,0.6,47.0,78.3,86.2,82.25,17.6263328697265,70.9736671302735,11.4,26.7,37.3,11.6
197,16903,00AEHA,Saintnebridge,00AE,Brent,119.9,16.3,62.3,13.7,25.9,0.6,72.6,75.1,87.9,81.5,28.1902620836538,63.10973791634619,8.7,76.5,48.8,17.2
198,18472,00ACGK,Hendon,00AC,Barnet,81.9,16.4,12.1,4.7,13.5,1.0,88.4,80.1,85.3,82.69999999999999,20.0844521437852,68.0155478562148,11.9,36.3,48.2,20.3
199,10575,00ABGP,Whalebone,00AB,Barking and Dagenham,90.7,16.4,12.3,6.9,24.0,1.0,84.0,81.0,84.1,82.55,23.6501182033097,64.7498817966903,11.6,44.0,29.2,8.4
200,13896,00AUFZ,Caledonian,00AU,Islington,116.7,16.4,44.7,6.3,21.0,0.4,49.2,75.5,81.9,78.7,15.2489925158319,75.7510074841681,9.0,34.7,37.3,14.4
201,15771,00AYGU,Tulse Hill,00AY,Lambeth,95.8,16.6,43.2,11.0,14.7,0.5,63.2,77.4,81.4,79.4,21.0259336757339,72.37406632426611,6.6,52.6,38.6,11.3
202,12025,00AUGH,Junction,00AU,Islington,99.9,16.6,43.3,6.9,16.8,0.4,40.0,77.0,83.3,80.15,15.3929313929314,73.9070686070686,10.7,30.6,34.7,11.5
203,15756,00AZGR,New Cross,00AZ,Lewisham,144.9,16.6,40.5,10.0,17.9,0.5,74.9,73.7,78.2,75.95,20.1891342980452,73.91086570195479,5.9,59.7,46.6,15.3
204,13194,00ARGU,Squirrel's Heath,00AR,Havering,52.7,16.7,8.8,3.9,20.0,1.3,63.0,81.6,89.5,85.55,17.7656510535092,65.9343489464908,16.3,11.5,9.4,1.3
205,15448,00BJGB,Earlsfield,00BJ,Wandsworth,68.0,16.7,21.7,3.1,11.9,0.7,68.1,76.1,84.2,80.15,14.9598653547385,78.3401346452615,6.7,27.7,33.4,8.2
206,13672,00BCGM,Mayfield,00BC,Redbridge,80.2,16.8,7.6,7.0,20.5,1.2,111.4,78.1,82.9,80.5,24.2612638970158,64.13873610298421,11.6,73.3,41.1,13.5
207,14143,00AYGW,Vassall,00AY,Lambeth,100.4,16.8,53.2,11.0,16.0,0.4,47.1,74.3,82.1,78.19999999999999,18.0159796365693,74.7840203634307,7.2,52.7,40.0,12.1
208,14983,00AUGG,Holloway,00AU,Islington,79.4,16.9,46.5,6.2,18.8,0.4,35.0,72.8,81.1,76.94999999999999,15.5776546752987,76.2223453247013,8.2,36.1,39.6,14.9
209,14166,00BGFX,Bethnal Green South,00BG,Tower Hamlets,128.5,16.9,44.9,10.9,21.4,0.3,51.0,77.1,87.3,82.19999999999999,19.709162784131,74.990837215869,5.3,64.3,45.5,23.1
210,12133,00AEGS,Kenton,00AE,Brent,59.7,17.0,5.6,2.6,17.3,1.4,57.9,83.7,86.2,84.95,16.7229868952444,66.0770131047556,17.2,70.0,53.9,19.6
211,16256,00BJGP,Southfields,00BJ,Wandsworth,72.3,17.0,14.7,2.8,10.1,0.7,70.0,78.9,89.8,84.35,18.503937007874,73.796062992126,7.7,24.4,34.8,9.0
212,13449,00AHGK,Coulsdon West,00AH,Croydon,41.2,17.1,4.6,2.7,15.1,1.5,58.7,80.0,82.8,81.4,20.1055840582943,64.5944159417057,15.3,25.2,16.9,2.4
213,15392,00AFGL,Copers Cope,00AF,Bromley,69.5,17.1,9.2,3.1,12.1,1.0,61.5,77.4,82.4,79.9,13.1691787941788,70.0308212058212,16.8,17.4,20.3,4.6
214,11267,00ABGE,Goresbrook,00AB,Barking and Dagenham,82.9,17.1,37.3,9.6,30.0,0.8,97.4,79.3,81.4,80.35,26.5643028312772,63.4356971687228,10.0,33.3,26.8,7.7
215,14727,00AMGE,Dalston,00AM,Hackney,198.0,17.1,38.9,12.0,15.9,0.4,57.2,80.9,79.8,80.35,16.4595640660012,77.34043593399879,6.2,44.5,40.8,14.0
216,10965,00ADGF,Christchurch,00AD,Bexley,110.8,17.3,3.9,3.3,21.0,1.2,61.9,77.8,80.9,79.35,18.1030551755586,63.596944824441394,18.3,13.4,11.5,2.3
217,9839,00ABGJ,Parsloes,00AB,Barking and Dagenham,79.2,17.5,36.4,9.5,31.8,0.8,94.1,76.8,81.8,79.3,26.2221770505133,62.5778229494867,11.2,30.9,23.3,6.6
218,16518,00AHGZ,South Norwood,00AH,Croydon,100.5,17.5,20.7,9.6,15.9,0.7,75.6,75.6,84.4,80.0,21.2979779634338,68.8020220365662,9.9,52.3,32.1,8.2
219,14873,00AJGX,South Acton,00AJ,Ealing,106.8,17.5,33.9,7.3,16.2,0.7,62.9,76.4,79.8,78.1,20.4531701741411,68.44682982585891,11.1,43.5,50.5,23.4
220,16569,00AHGM,Fairfield,00AH,Croydon,261.1,17.5,15.5,4.2,12.3,0.6,74.2,79.2,80.9,80.05000000000001,17.5870601726115,70.7129398273885,11.7,48.7,42.3,13.7
221,17374,00AKHG,Upper Edmonton,00AK,Enfield,125.1,17.6,29.8,11.7,28.3,0.8,88.4,75.4,76.7,76.05000000000001,25.8432139979279,64.95678600207209,9.2,58.0,48.4,22.7
222,11444,00BHGQ,Valley,00BH,Waltham Forest,145.1,17.6,17.9,8.1,26.1,1.1,75.2,77.5,80.9,79.2,21.1464522894093,65.4535477105907,13.4,38.4,25.6,7.9
223,11658,00ASGK,Cavendish,00AS,Hillingdon,43.1,17.7,7.3,2.4,17.2,1.4,59.2,80.6,84.0,82.3,20.6210327671985,63.6789672328015,15.7,19.7,16.7,3.7
224,14017,00AEGJ,Alperton,00AE,Brent,103.1,17.7,12.1,4.5,22.1,0.9,87.6,76.7,87.0,81.85,19.0054933295284,71.4945066704716,9.5,81.8,66.8,32.3
225,17489,00AHHD,West Thornton,00AH,Croydon,112.2,17.7,15.7,7.9,17.9,0.8,81.5,77.6,82.5,80.05,25.050031448339,65.449968551661,9.5,76.5,46.5,15.1
226,11409,00ATGN,Hounslow South,00AT,Hounslow,54.8,17.9,5.1,2.9,15.7,1.3,60.7,83.6,88.7,86.15,19.3110098176718,68.1889901823282,12.5,45.1,38.7,13.2
227,11173,00AQGJ,Kenton West,00AQ,Harrow,57.1,17.9,3.0,3.0,17.9,1.4,64.8,82.0,86.6,84.3,17.9092455025508,67.7907544974492,14.3,72.6,51.3,20.4
228,11442,00ASGS,Manor,00AS,Hillingdon,56.0,18.0,4.1,2.0,17.0,1.3,53.6,80.0,83.1,81.55,20.2412165705296,64.0587834294704,15.7,16.0,16.2,3.6
229,10163,00BFGR,The Wrythe,00BF,Sutton,56.2,18.0,14.7,4.1,22.2,1.1,63.8,77.5,83.9,80.7,,,,,,
230,11740,00AGGH,Fortune Green,00AG,Camden,80.4,18.0,16.7,5.0,9.2,0.6,52.6,80.7,84.8,82.75,15.0425894378194,75.2574105621806,9.7,29.0,43.4,16.1
231,16826,00AFGG,Bromley Town,00AF,Bromley,155.7,18.0,10.0,3.3,13.1,1.0,73.4,78.0,81.1,79.55,19.3510043979555,66.74899560204449,13.9,18.5,19.9,4.9
232,11624,00ABGC,Eastbury,00AB,Barking and Dagenham,87.6,18.1,37.4,10.2,28.9,0.8,90.9,79.9,85.2,82.55000000000001,26.9184445973847,63.581555402615294,9.5,41.7,32.2,11.9
233,11794,00AUGF,Hillrise,00AU,Islington,69.3,18.3,45.3,7.6,17.9,0.5,56.8,74.9,80.6,77.75,19.2470747837884,71.7529252162116,9.0,33.7,32.9,10.4
234,14906,00AYGR,Sainteatham Wells,00AY,Lambeth,81.4,18.3,20.8,6.2,13.9,0.6,68.6,75.4,77.7,76.55000000000001,19.3277874681336,72.3722125318664,8.3,43.1,41.2,14.2
235,16544,00BCGL,,00BC,,108.0,18.3,22.8,10.7,20.1,0.7,,,,,,,,,,
236,18087,00AHGW,Selhurst,00AH,Croydon,140.2,18.3,27.1,9.9,18.9,0.6,77.3,73.9,78.9,76.4,24.5535467462819,66.7464532537181,8.7,65.6,40.1,11.5
237,11663,00AQGR,Roxeth,00AQ,Harrow,64.1,18.4,9.5,5.2,17.3,1.2,69.2,81.6,82.6,82.1,22.8414644602589,66.1585355397411,11.0,66.3,48.4,19.8
238,10730,00BHGB,Endlebury,00BH,Waltham Forest,55.0,18.5,14.7,4.8,23.5,1.3,54.9,80.4,84.4,82.4,18.6113699906803,64.4886300093197,16.9,22.4,17.5,3.8
239,15504,00BJGE,Furzedown,00BJ,Wandsworth,54.0,18.8,16.8,6.5,15.5,0.7,74.2,77.2,81.4,79.30000000000001,22.0459236326109,68.1540763673891,9.8,43.1,36.7,12.9
240,13334,00ARGS,Saint Andrew's,00AR,Havering,82.0,18.8,11.3,3.7,26.2,1.2,65.7,77.1,79.1,78.1,16.4016799160042,62.6983200839958,20.9,7.2,7.7,1.6
241,9485,00BAGJ,Merton Park,00BA,Merton,69.5,18.9,3.9,2.5,11.5,1.0,57.1,84.5,88.5,86.5,19.5044807590933,65.89551924090671,14.6,29.2,35.5,10.1
242,10048,00BFGE,Belmont,00BF,Sutton,30.5,19.0,10.0,3.0,13.7,1.2,65.5,78.6,82.1,80.35,17.7945859872611,65.80541401273891,16.4,22.2,22.1,4.8
243,10273,00BAGF,Lavender Fields,00BA,Merton,68.0,19.0,20.4,5.7,18.1,0.8,76.2,80.8,80.9,80.85,20.3056556020637,72.39434439793631,7.3,46.8,46.1,19.6
244,15790,00AHGL,Croham,00AH,Croydon,73.3,19.1,8.3,4.4,12.0,1.0,77.8,78.9,83.3,81.1,18.2457251424953,69.7542748575047,12.0,31.3,24.3,6.5
245,15474,00AEGX,Preston,00AE,Brent,86.3,19.1,12.6,4.9,17.5,1.0,100.4,80.1,86.2,83.15,20.4278143983456,67.17218560165439,12.4,70.0,57.3,22.8
246,15281,00AEGY,Queens Park,00AE,Brent,115.0,19.1,19.9,6.9,13.3,0.7,76.3,80.4,87.9,84.15,17.983116288201,73.416883711799,8.6,37.0,41.9,14.4
247,13904,00AMGJ,Haggerston,00AM,Hackney,382.1,19.1,44.1,10.4,16.1,0.3,39.8,73.8,84.1,78.94999999999999,15.9882048331415,78.3117951668585,5.7,45.6,45.9,17.4
248,12759,00BKGU,Westbourne,00BK,Westminster,99.0,19.2,48.5,10.0,22.4,0.4,69.0,73.8,78.0,75.9,21.8198918410534,68.6801081589466,9.5,52.8,51.5,24.1
249,17575,00ACGT,Woodhouse,00AC,Barnet,92.8,19.3,11.5,4.5,15.7,1.0,57.8,78.6,81.1,79.85,18.7482219061166,67.65177809388341,13.6,37.6,41.0,16.2
250,13897,00AJGP,Lady Margaret,00AJ,Ealing,64.1,19.4,7.3,6.1,19.8,1.3,91.3,78.2,81.9,80.05000000000001,20.1986040152551,68.8013959847449,11.0,83.5,55.9,25.2
251,16082,00AHHB,Upper Norwood,00AH,Croydon,85.7,19.5,20.6,7.7,16.6,0.9,82.2,78.1,82.8,80.44999999999999,20.9924138788708,68.00758612112921,11.0,51.3,33.9,9.0
252,18706,00AJGH,East Acton,00AJ,Ealing,144.3,19.6,22.1,7.8,15.0,0.7,62.3,80.1,85.6,82.85,19.2505078584411,72.5494921415589,8.2,50.1,54.4,22.4
253,12786,00ABFX,Abbey,00AB,Barking and Dagenham,172.5,19.6,26.7,8.7,16.4,0.5,103.7,82.9,87.2,85.05000000000001,24.4407946191147,70.5592053808853,5.0,71.9,57.3,25.7
254,10373,00AQGU,West Harrow,00AQ,Harrow,45.4,19.7,9.6,3.7,13.4,1.1,60.8,81.4,82.6,82.0,20.3027089559433,66.6972910440567,13.0,55.8,42.9,14.4
255,13641,00AYGT,Thurlow Park,00AY,Lambeth,103.6,19.7,27.1,5.9,12.7,0.7,61.1,76.8,84.0,80.4,21.0615057547101,70.1384942452899,8.8,36.3,30.3,8.7
256,15105,00AEHC,Tokyngton,00AE,Brent,132.9,19.7,12.0,4.7,19.4,0.9,99.6,80.5,86.6,83.55,18.417742469381,70.282257530619,11.3,76.3,62.9,26.6
257,10650,00BFGS,Wallington North,00BF,Sutton,60.0,19.9,12.9,3.3,16.4,1.1,77.5,78.9,81.3,80.1,19.9154929577465,67.5845070422535,12.5,19.6,16.6,4.4
258,13241,00BCGD,Clayhall,00BC,Redbridge,66.7,19.9,4.9,3.6,17.0,1.4,63.8,84.0,85.4,84.7,21.9016690582282,63.798330941771795,14.3,71.0,38.8,10.9
259,13062,00ALGS,Coldharbour and New Eltham,00AL,Greenwich,60.0,20.0,23.5,4.9,25.4,1.1,75.2,79.0,83.6,81.3,18.6112387077017,64.4887612922983,16.9,18.3,15.6,3.6
260,12629,00BEGW,South Camberwell,00BE,Southwark,72.6,20.0,37.9,6.8,12.4,0.6,56.9,76.4,84.6,80.5,19.6848523240162,73.2151476759838,7.1,44.1,35.8,7.7
261,14638,00APGM,Saint Ann's,00AP,Haringey,91.5,20.0,23.6,11.3,20.4,0.5,76.2,73.6,81.8,77.69999999999999,18.2470282825523,73.2529717174477,8.5,45.7,54.7,25.9
262,17243,00AYGJ,Larkhall,00AY,Lambeth,113.7,20.0,41.4,7.3,13.9,0.4,38.8,74.0,79.2,76.6,16.6560343327727,77.1439656672273,6.2,43.3,42.2,13.0
263,13620,00BEGP,Nunhead,00BE,Southwark,98.5,20.1,47.4,11.3,21.1,0.5,70.4,71.2,77.3,74.25,19.6182085168869,71.4817914831131,8.9,55.5,39.0,9.1
264,13330,00AJHB,Walpole,00AJ,Ealing,100.1,20.1,12.0,3.6,10.2,0.8,66.8,79.0,85.5,82.25,17.9594898724681,71.5405101275319,10.5,27.1,38.0,14.1
265,14727,00AEHE,Wembley Central,00AE,Brent,156.3,20.1,15.6,6.0,20.7,0.8,88.1,76.8,88.2,82.5,18.2114483601548,72.08855163984519,9.7,86.0,68.5,32.9
266,18217,00ACFY,Burnt Oak,00AC,Barnet,67.8,20.2,35.5,6.9,23.6,0.8,94.3,74.7,82.1,78.4,24.5814349234232,66.1185650765768,9.3,53.5,47.1,19.3
267,12452,00ABGD,Gascoigne,00AB,Barking and Dagenham,135.2,20.3,54.0,12.2,25.5,0.5,130.2,73.4,83.6,78.5,31.4969482814006,62.40305171859941,6.1,60.4,48.2,18.7
268,14742,00BJGU,West Putney,00BJ,Wandsworth,51.6,20.5,22.9,3.8,14.5,0.8,50.4,75.6,79.9,77.75,17.7994844661511,68.9005155338489,13.3,22.9,34.4,9.5
269,13232,00AMGC,Chatham,00AM,Hackney,134.3,20.5,51.0,14.1,21.1,0.4,63.2,72.5,81.4,76.95,21.9543530834341,71.1456469165659,6.9,54.4,41.3,14.4
270,13787,00AKHD,Southgate Green,00AK,Enfield,65.9,20.6,12.0,4.3,16.3,1.1,57.8,78.2,85.2,81.7,18.1112642344237,66.5887357655763,15.3,33.2,36.2,14.0
271,14937,00AZGH,Crofton Park,00AZ,Lewisham,70.7,20.7,16.8,5.9,15.3,0.7,84.4,78.5,86.4,82.45,19.5353819374707,71.3646180625293,9.1,39.6,30.1,7.0
272,14262,00AYGL,Prince's,00AY,Lambeth,142.1,20.7,47.1,8.9,16.3,0.4,65.9,74.5,81.5,78.0,16.8980507642687,73.8019492357313,9.3,43.4,38.5,12.4
273,17098,00ACGA,Colindale,00AC,Barnet,68.8,20.8,34.3,4.8,18.0,0.8,68.6,76.4,84.6,80.5,22.2306702538309,69.36932974616909,8.4,59.9,52.7,23.2
274,10923,00ABGK,River,00AB,Barking and Dagenham,92.8,20.8,25.7,8.6,29.9,0.8,80.4,73.2,77.9,75.55000000000001,26.8515975464616,63.048402453538394,10.1,38.4,30.9,9.6
275,11306,00ANGF,Fulham Reach,00AN,Hammersmith and Fulham,98.4,20.9,31.9,3.8,11.7,0.5,40.9,82.0,92.7,87.35,12.6039271183442,78.8960728816558,8.5,30.5,43.6,14.0
276,13231,00AMGT,Victoria,00AM,Hackney,109.7,20.9,52.3,12.5,19.5,0.4,62.9,79.4,86.8,83.1,20.6409190537374,71.95908094626259,7.4,44.2,34.0,10.4
277,16238,00BGGH,Saint Dunstan's and Saintpney Green,00BG,Tower Hamlets,99.2,21.2,54.0,11.7,26.9,0.4,92.9,71.6,77.3,74.44999999999999,23.7159748737529,67.7840251262471,8.5,65.2,39.8,19.8
278,9752,00BDGP,Whitton,00BD,Richmond upon Thames,57.0,21.3,9.8,2.8,17.0,1.2,76.8,79.7,85.8,82.75,19.3396226415094,64.3603773584906,16.3,21.5,23.3,6.7
279,16760,00BCGP,Newbury,00BC,Redbridge,73.4,21.4,10.0,6.5,17.4,1.1,84.5,78.8,83.8,81.3,25.4474940334129,65.4525059665871,9.1,77.2,47.5,17.6
280,10712,00BFGL,Saintnecot,00BF,Sutton,52.6,21.5,3.7,2.8,20.5,1.4,45.6,78.7,85.2,81.95,20.5843913368185,64.9156086631815,14.5,20.9,18.1,5.2
281,9431,00AXGH,Old Malden,00AX,Kingston upon Thames,34.0,21.6,9.1,2.3,15.7,1.4,62.6,82.4,85.9,84.15,19.8706393807656,64.4293606192344,15.7,30.8,27.3,8.4
282,14648,00AZGM,Grove Park,00AZ,Lewisham,69.9,21.6,26.7,7.1,22.5,0.9,66.4,77.2,82.2,79.7,20.8287820862916,66.57121791370841,12.6,37.5,26.9,7.0
283,11634,00AUGD,Highbury East,00AU,Islington,96.6,21.6,31.1,4.7,13.4,0.5,64.2,76.7,80.5,78.6,17.0190820010315,73.28091799896849,9.7,23.5,30.9,9.3
284,14810,00BBGD,Canning Town North,00BB,Newham,125.7,21.7,49.3,14.4,25.7,0.5,72.4,74.6,75.9,75.25,22.9574611748818,69.3425388251182,7.7,59.2,47.9,18.6
285,9343,00AWGQ,Saint Charles,00AW,Kensington and Chelsea,85.1,21.9,58.7,9.4,21.5,0.5,59.5,78.9,82.3,80.6,19.0516964572407,69.7483035427593,11.2,37.6,37.8,13.5
286,15098,00AFGD,Bickley,00AF,Bromley,45.3,22.1,7.0,2.4,14.5,1.4,57.7,78.3,81.5,79.9,19.2210888859452,60.97891111405481,19.8,14.5,15.7,2.7
287,10411,00AQGM,Pinner South,00AQ,Harrow,0.9,22.2,6.7,1.9,11.4,1.4,61.1,82.7,93.1,87.9,21.1603112092979,61.7396887907021,17.1,40.6,29.4,6.8
288,14721,00AHGF,Ashburton,00AH,Croydon,62.7,22.2,21.5,5.4,19.5,1.1,60.0,78.5,82.3,80.4,21.7784117926771,65.02158820732289,13.2,36.7,22.3,4.8
289,14854,00AZGL,Forest Hill,00AZ,Lewisham,78.2,22.2,26.4,7.6,13.9,0.7,74.1,76.5,80.4,78.45,21.1188905345362,68.8811094654638,10.0,38.2,31.1,8.2
290,14019,00AJGG,Ealing Common,00AJ,Ealing,91.3,22.2,14.6,4.8,10.8,0.9,49.6,77.0,86.3,81.65,15.2221984449675,73.4778015550325,11.3,31.5,43.1,15.4
291,9618,00BKGD,Churchill,00BK,Westminster,107.2,22.2,49.8,6.8,19.1,0.4,46.0,74.6,81.9,78.25,20.1289249324184,67.0710750675816,12.8,39.4,44.4,17.4
292,11655,00BFGW,Worcester Park,00BF,Sutton,42.3,22.3,6.4,2.4,17.2,1.2,83.0,81.1,83.7,82.4,20.7893607893608,65.8106392106392,13.4,20.0,21.5,6.1
293,12526,00AYGS,Thornton,00AY,Lambeth,59.9,22.4,39.1,5.9,14.2,0.6,65.8,79.0,85.2,82.1,20.6610250678589,71.4389749321411,7.9,40.5,37.0,10.1
294,10385,00ABFY,Alibon,00AB,Barking and Dagenham,93.2,22.4,36.8,10.2,31.2,0.8,103.7,76.3,80.9,78.6,26.4034665382764,63.1965334617236,10.4,29.9,24.7,7.9
295,11977,00ATGQ,Isleworth,00AT,Hounslow,83.3,22.6,34.1,4.9,19.9,0.9,89.7,74.9,82.9,78.9,21.3242047257243,68.8757952742757,9.8,34.8,33.8,11.7
296,12700,00BHFY,Cathall,00BH,Waltham Forest,84.2,22.6,38.5,13.2,19.3,0.5,79.3,74.9,81.6,78.25,21.3622047244094,71.83779527559061,6.8,61.0,50.1,20.0
297,14349,00AJGL,Greenford Green,00AJ,Ealing,87.0,22.6,9.7,4.8,17.8,1.1,94.4,79.0,84.0,81.5,20.9631333193951,67.1368666806049,11.9,49.0,50.1,21.9
298,16603,00AZGK,Evelyn,00AZ,Lewisham,95.7,22.6,57.3,10.2,19.1,0.4,65.5,76.7,84.0,80.35,23.2006263928206,70.7993736071794,6.0,60.9,44.8,16.0
299,9578,00AXGN,Tudor,00AX,Kingston upon Thames,42.7,22.7,7.5,1.9,10.1,1.2,61.7,82.5,86.4,84.45,22.9379828774274,63.4620171225726,13.6,17.6,23.9,6.1
300,11479,00AHGN,Fieldway,00AH,Croydon,64.7,22.8,60.6,11.0,34.4,0.8,78.1,75.4,78.6,77.0,31.1089816186079,58.7910183813921,10.1,34.4,19.3,4.1
301,14039,00AMGM,Leabridge,00AM,Hackney,84.4,23.0,32.0,11.4,18.5,0.5,71.9,73.7,78.1,75.9,21.091245815229,71.908754184771,7.0,52.7,40.7,17.3
302,11240,00BAGC,Figge's Marsh,00BA,Merton,99.0,23.0,27.3,9.1,21.0,0.8,114.6,75.9,80.2,78.05000000000001,23.1138790035587,67.5861209964413,9.3,57.4,44.9,16.3
303,14429,00APGL,Northumberland Park,00AP,Haringey,124.1,23.0,48.6,20.8,29.2,0.5,81.7,73.8,84.0,78.9,27.0427611061058,65.0572388938942,7.9,60.9,53.5,25.5
304,10536,00BFGQ,Sutton West,00BF,Sutton,39.9,23.1,3.9,2.5,13.5,1.1,63.2,79.4,82.2,80.80000000000001,18.0713743356112,68.0286256643888,13.9,23.0,25.1,7.8
305,14390,00BEGS,Riverside,00BE,Southwark,147.9,23.2,34.3,4.7,13.5,0.5,50.0,78.0,80.8,79.4,12.4461431549687,81.1538568450313,6.4,31.2,40.5,12.7
306,11984,00AQGN,Queensbury,00AQ,Harrow,55.4,23.3,3.9,3.2,20.8,1.2,68.8,77.7,85.2,81.45,21.1949265687583,67.2050734312417,11.6,75.0,57.5,26.2
307,15986,00BGGD,Limehouse,00BG,Tower Hamlets,84.2,23.4,41.2,11.7,21.9,0.5,70.3,77.0,79.3,78.15,22.2757412736144,71.5242587263856,6.2,56.8,43.8,19.7
308,15968,00APGN,Seven Sisters,00AP,Haringey,95.2,23.4,31.8,10.3,24.4,0.5,90.7,77.6,89.3,83.44999999999999,27.0415831663327,65.6584168336673,7.3,41.2,49.1,22.5
309,11172,00BDGH,Saint Margarets and North Twickenham,00BD,Richmond upon Thames,55.1,23.5,4.0,1.6,6.6,1.1,61.7,84.1,94.5,89.3,21.8403150733978,68.6596849266022,9.5,12.3,23.3,4.8
310,15575,00BBGJ,East Ham South,00BB,Newham,92.0,23.5,31.1,10.4,24.3,0.7,100.0,74.9,80.2,77.55000000000001,27.8523274478331,64.74767255216689,7.4,67.7,46.6,19.7
311,10955,00AXGF,Grove,00AX,Kingston upon Thames,366.4,23.6,13.2,2.2,8.5,0.8,52.9,77.7,88.8,83.25,12.8617069831127,77.7382930168873,9.4,23.2,31.4,11.2
312,10483,00AXGK,Saint Mark's,00AX,Kingston upon Thames,63.1,23.9,6.7,2.9,6.7,0.9,54.8,81.4,81.3,81.35,11.0750739292187,80.7249260707813,8.2,21.3,29.1,8.9
313,12262,00ARGH,Hacton,00AR,Havering,32.8,24.1,4.4,3.1,25.3,1.3,45.4,80.6,85.2,82.9,16.5878323275159,63.7121676724841,19.7,7.3,7.3,1.7
314,14916,00AZGT,Rushey Green,00AZ,Lewisham,140.6,24.1,26.9,9.2,18.0,0.6,78.2,75.2,80.1,77.65,22.0367390721373,68.9632609278627,9.0,59.1,38.0,10.2
315,11557,00BEGJ,East Walworth,00BE,Southwark,166.9,24.1,53.9,7.4,20.8,0.4,58.2,74.5,81.9,78.2,18.4996106255949,73.2003893744051,8.3,51.8,43.8,13.7
316,15110,00BGGK,Shadwell,00BG,Tower Hamlets,77.9,24.2,42.7,14.8,21.3,0.4,78.3,81.0,95.2,88.1,22.3891462607545,71.3108537392455,6.3,64.4,45.1,23.2
317,15929,00ACGG,Garden Suburb,00AC,Barnet,82.1,24.2,4.9,2.0,8.2,7.2,73.5,82.7,87.3,85.0,20.3653713353004,63.33462866469961,16.3,21.4,36.0,10.9
318,16769,00AFGN,Cray Valley West,00AF,Bromley,84.7,24.2,33.5,7.1,28.5,1.1,68.2,76.6,82.6,79.6,23.6269306458346,61.473069354165396,14.9,13.9,10.9,2.5
319,15427,00AJGC,Acton Central,00AJ,Ealing,100.9,24.2,23.3,6.6,14.3,0.7,75.1,81.3,90.7,86.0,19.66033577494,70.73966422506001,9.6,40.0,48.3,21.0
320,9738,00BAGM,Raynes Park,00BA,Merton,48.3,24.4,10.7,1.8,9.7,1.0,82.3,80.0,83.8,81.9,19.172314643664,67.127685356336,13.7,19.8,33.4,8.7
321,13651,00AFGY,Petts Wood and Knoll,00AF,Bromley,37.6,24.6,2.7,2.1,15.2,1.4,61.4,84.2,88.5,86.35,18.342978536371,60.75702146362901,20.9,9.2,10.6,1.8
322,12519,00ALGT,Eltham North,00AL,Greenwich,59.9,24.6,17.0,4.1,20.0,1.1,57.9,77.9,86.0,81.95,18.6117102004952,64.78828979950481,16.6,11.3,13.9,3.4
323,11758,00APGP,Saintoud Green,00AP,Haringey,69.9,24.6,22.9,5.5,10.1,0.6,40.0,77.0,89.9,83.45,16.2782786188127,76.8217213811873,6.9,25.9,31.3,9.0
324,12488,00APGE,Fortis Green,00AP,Haringey,71.2,24.6,11.2,3.5,9.2,0.9,49.2,81.5,87.3,84.4,21.2764253683536,67.7235746316464,11.0,20.1,27.5,8.3
325,10285,00BFGH,Cheam,00BF,Sutton,45.3,24.7,2.5,1.9,14.6,1.5,46.3,82.3,83.0,82.65,19.8249878463782,60.47501215362179,19.7,21.2,18.6,3.3
326,12910,00BCGH,Fullwell,00BC,Redbridge,76.8,24.9,14.9,6.1,23.4,1.2,75.1,78.8,83.2,81.0,21.5491866769946,62.850813323005404,15.6,48.5,29.6,8.0
327,15106,00AYGK,Oval,00AY,Lambeth,146.2,24.9,34.8,6.0,13.0,0.4,42.1,77.1,79.8,78.44999999999999,13.9944392956441,78.8055607043559,7.2,36.9,42.6,15.0
328,12760,00ANGN,Sands End,00AN,Hammersmith and Fulham,73.8,25.0,33.9,4.2,12.8,0.6,48.6,78.2,81.8,80.0,17.9153605015674,73.6846394984326,8.4,30.6,39.0,11.8
329,13403,00AKHH,Winchmore Hill,00AK,Enfield,54.1,25.2,6.4,3.9,15.4,1.2,68.8,78.5,81.5,80.0,18.4212489741103,66.6787510258897,14.9,23.8,27.0,8.1
330,17326,00AFGX,Penge and Cator,00AF,Bromley,97.7,25.2,29.8,7.4,17.0,0.8,70.5,75.5,80.6,78.05,20.8011081611451,69.4988918388549,9.7,34.6,25.8,6.4
331,13725,00APGB,Bounds Green,00AP,Haringey,92.6,25.3,28.4,8.5,17.3,0.6,61.9,74.2,81.6,77.9,18.6739526411658,72.1260473588342,9.2,39.8,48.5,21.5
332,13517,00AJGQ,Northfield,00AJ,Ealing,49.0,25.6,6.7,2.6,8.7,0.9,63.4,84.2,85.2,84.7,18.8281423392765,70.1718576607235,11.0,23.2,36.2,11.1
333,14515,00AZGN,Ladywell,00AZ,Lewisham,90.7,25.6,23.6,6.1,12.8,0.7,63.6,74.5,79.2,76.85,18.3258697898725,72.7741302101275,8.9,45.4,35.4,9.4
334,13712,00AYGF,Gipsy Hill,00AY,Lambeth,94.3,25.7,,,,,70.1,77.2,83.0,80.1,22.4912485414236,69.4087514585764,8.1,44.9,30.6,7.7
335,10844,00ADGW,Sidcup,00AD,Bexley,53.1,25.8,6.7,2.0,19.1,1.2,43.7,76.4,78.8,77.6,15.8151973441534,64.1848026558466,20.0,10.1,10.6,2.2
336,12952,00ARGM,Hylands,00AR,Havering,61.9,26.0,7.2,3.2,23.7,1.4,43.1,77.8,84.5,81.15,17.6343421865349,66.1656578134651,16.2,9.7,7.9,1.7
337,11949,00BFGK,Saint Helier,00BF,Sutton,75.5,26.0,40.5,7.5,27.3,1.0,86.2,75.8,81.1,78.44999999999999,24.1693865595447,65.2306134404553,10.6,25.5,22.6,8.1
338,17625,00AJGK,Greenford Broadway,00AJ,Ealing,113.5,26.2,23.4,7.6,21.9,0.9,93.5,77.4,81.2,79.30000000000001,23.4439716312057,65.5560283687943,11.0,57.3,48.6,22.2
339,13979,00ASHA,Uxbridge South,00AS,Hillingdon,123.0,26.2,22.2,3.9,14.1,1.0,36.6,75.1,81.8,78.44999999999999,13.2627512697618,77.13724873023821,9.6,37.9,30.9,10.0
340,15311,00AFGW,Orpington,00AF,Bromley,77.6,26.3,15.8,4.8,22.3,1.2,57.0,79.1,84.6,81.85,19.1626934883417,59.637306511658295,21.2,12.6,11.9,2.3
341,10858,00ADGL,East Wickham,00AD,Bexley,45.3,26.5,12.6,4.6,26.4,1.2,71.2,79.0,84.0,81.5,18.9169276109781,63.08307238902191,18.0,16.9,13.4,3.2
342,12378,00AMGR,Springfield,00AM,Hackney,64.6,26.5,47.0,10.8,31.7,0.4,126.5,80.2,84.2,82.2,33.1879140410406,59.9120859589594,6.9,44.9,39.4,18.2
343,10109,00AXFZ,Beverley,00AX,Kingston upon Thames,74.5,26.5,11.5,2.9,15.2,1.0,66.1,76.8,80.0,78.4,20.6647541794441,66.43524582055589,12.9,32.6,32.4,13.3
344,14336,00AYGQ,Sainteatham South,00AY,Lambeth,69.7,26.6,15.5,7.6,17.0,0.8,69.3,81.3,84.5,82.9,20.6682477678571,68.4317522321429,10.9,52.5,44.5,15.8
345,15318,00BBGQ,Manor Park,00BB,Newham,83.3,26.6,22.5,10.9,20.7,0.7,97.6,75.3,79.5,77.4,23.5082908995952,69.39170910040481,7.1,81.5,56.2,27.6
346,15996,00BBGE,Canning Town South,00BB,Newham,86.2,26.6,36.0,9.2,22.6,0.5,59.8,74.5,85.9,80.2,21.0865216304076,71.8134783695924,7.1,54.5,47.5,19.9
347,13425,00AEGM,Dollis Hill,00AE,Brent,94.9,26.6,22.1,8.0,24.4,0.9,81.2,79.8,87.5,83.65,25.0651769087523,63.634823091247696,11.3,64.3,54.5,22.0
348,12330,00ATGC,Cranford,00AT,Hounslow,105.0,26.6,29.1,6.0,20.2,1.0,117.4,78.4,86.8,82.6,21.3787510137875,68.5212489862125,10.1,73.9,56.2,26.5
349,9987,00BDGK,South Twickenham,00BD,Richmond upon Thames,41.4,26.7,6.6,1.3,6.4,1.1,74.1,82.5,87.0,84.75,18.4740162210874,71.2259837789126,10.3,9.7,18.8,4.0
350,15561,00AJGM,Hanger Hill,00AJ,Ealing,73.2,26.7,4.7,3.3,9.2,1.0,71.1,83.2,88.2,85.7,18.9705031810295,68.2294968189705,12.8,43.1,53.1,23.8
351,14514,00APGU,Woodside,00AP,Haringey,99.2,26.8,23.2,9.2,20.0,0.6,59.0,74.0,84.4,79.2,19.1883698498002,72.3116301501998,8.5,43.2,54.2,25.6
352,16556,00BJGM,Saint Mary's Park,00BJ,Wandsworth,89.3,26.9,21.8,4.8,11.4,0.7,64.6,72.5,76.2,74.35,13.9164049287267,75.68359507127329,10.4,28.2,38.9,11.3
353,14767,00ASGW,Pinkwell,00AS,Hillingdon,97.8,26.9,20.4,6.0,22.0,1.2,94.4,74.5,86.2,80.35,26.3357486286991,65.06425137130091,8.6,68.2,45.3,18.5
354,10355,00BFGN,Sutton North,00BF,Sutton,49.9,27.0,11.1,3.8,21.6,1.1,60.5,76.9,82.9,79.9,20.1352003862868,63.3647996137132,16.5,21.9,21.1,6.1
355,10313,00BDGD,Heathfield,00BD,Richmond upon Thames,59.0,27.0,21.2,3.8,20.4,1.2,80.0,80.2,82.3,81.25,20.1687190924076,65.0312809075924,14.8,30.4,26.6,8.7
356,10039,00BFGF,Carshalton Central,00BF,Sutton,60.0,27.0,7.0,3.3,15.4,1.2,60.5,82.9,85.4,84.15,19.0656439884451,67.2343560115549,13.7,13.7,15.0,3.7
357,16263,00AKGU,Haselbury,00AK,Enfield,72.3,27.0,19.5,11.0,27.2,0.8,83.4,81.0,83.4,82.2,25.4196642685851,65.2803357314149,9.3,54.3,46.0,22.1
358,13528,00AGGT,Regent's Park,00AG,Camden,182.8,27.0,48.0,6.7,17.5,0.4,53.5,74.8,83.8,79.3,15.9151389710231,74.48486102897691,9.6,44.3,45.2,15.6
359,12319,00ATGJ,Heston East,00AT,Hounslow,83.7,27.1,15.7,4.6,16.1,1.2,83.5,85.6,86.2,85.9,20.3831479827908,69.1168520172092,10.5,77.4,56.5,26.1
360,14184,00BHGM,Leyton,00BH,Waltham Forest,104.6,27.1,34.5,12.5,21.1,0.6,83.6,79.0,80.7,79.85,24.2808798646362,68.31912013536379,7.4,63.5,48.8,20.8
361,14454,00AKHC,Southgate,00AK,Enfield,59.3,27.2,7.4,4.6,16.1,1.1,67.0,81.1,85.4,83.25,18.8390756883908,67.0609243116092,14.1,31.6,33.2,11.7
362,10210,00BKGL,Maida Vale,00BK,Westminster,76.6,27.2,24.5,4.6,13.2,0.5,71.6,87.6,88.8,88.19999999999999,17.8844270323213,72.9155729676787,9.2,37.6,49.0,15.2
363,15551,00BBGX,West Ham,00BB,Newham,78.6,27.2,40.9,10.9,20.9,0.5,64.1,77.2,80.9,79.05000000000001,21.5998971127259,71.4001028872741,7.0,65.5,51.2,22.1
364,12709,00AKGT,Grange,00AK,Enfield,70.2,27.4,3.4,3.1,16.1,1.3,60.0,82.5,86.1,84.3,17.6095680226611,63.590431977338895,18.8,19.6,22.1,6.4
365,8741,00AXGB,Chessington North and Hook,00AX,Kingston upon Thames,49.8,27.5,14.8,2.8,21.9,1.3,58.9,79.0,87.4,83.2,20.6154902185105,64.8845097814895,14.5,15.0,17.2,5.0
366,15174,00AMGK,Hoxton,00AM,Hackney,103.8,27.6,54.3,9.4,17.7,0.3,47.7,77.9,84.0,80.95,15.8626598128377,77.93734018716229,6.2,46.5,44.8,16.6
367,13449,00ASGG,Barnhill,00AS,Hillingdon,96.8,27.8,19.2,5.8,22.4,1.2,75.1,75.6,82.5,79.05,24.3215108930032,66.07848910699681,9.6,68.4,45.4,19.0
368,13431,00APGT,White Hart Lane,00AP,Haringey,97.8,27.8,48.7,14.4,30.0,0.6,73.0,74.2,79.0,76.6,27.4067455885638,64.19325441143619,8.4,52.5,44.6,19.2
369,12852,00AYGB,Clapham Common,00AY,Lambeth,91.7,27.9,23.7,3.8,8.3,0.7,43.3,77.8,82.1,79.94999999999999,15.6084656084656,77.59153439153441,6.8,24.3,33.5,7.6
370,14249,00AZGX,Whitefoot,00AZ,Lewisham,95.8,27.9,34.5,8.8,25.9,0.8,71.4,77.5,82.7,80.1,25.791283598849,62.90871640115101,11.3,50.5,29.5,6.8
371,8178,00AWGA,Campden,00AW,Kensington and Chelsea,136.8,27.9,7.0,1.5,4.5,0.7,51.5,82.2,85.0,83.6,15.5906089508437,71.9093910491563,12.5,21.4,52.8,18.3
372,16394,00ACFX,Brunswick Park,00AC,Barnet,55.9,28.0,9.0,4.0,17.4,1.3,55.2,83.8,83.2,83.5,20.6233988044406,64.9766011955594,14.4,31.6,30.9,10.2
373,12551,00AMGP,New River,00AM,Hackney,75.2,28.0,44.5,8.5,29.0,0.4,128.2,79.9,82.8,81.35,28.8821607840013,63.4178392159987,7.7,39.3,40.2,19.4
374,8969,00AXGJ,Saint James,00AX,Kingston upon Thames,41.6,28.2,9.3,2.3,15.9,1.3,74.1,79.1,83.9,81.5,19.3444085182295,62.9555914817705,17.7,41.4,37.3,12.7
375,9387,00BDGB,Hampton North,00BD,Richmond upon Thames,64.2,28.2,22.5,2.9,17.6,1.2,47.3,80.7,87.3,84.0,19.250026632577,65.049973367423,15.7,16.3,20.1,5.4
376,14300,00ALGZ,Kidbrooke with Hornfair,00AL,Greenwich,72.7,28.2,32.1,6.8,23.7,0.9,73.2,76.2,84.1,80.15,20.3216783216783,67.7783216783217,11.9,33.6,27.3,7.6
377,11091,00AMGA,Brownswood,00AM,Hackney,79.1,28.2,32.0,6.0,14.1,0.4,41.0,77.9,83.9,80.9,14.4351275809215,79.3648724190785,6.2,38.2,42.7,18.6
378,9767,00AWGH,Holland,00AW,Kensington and Chelsea,93.2,28.2,11.9,3.1,7.0,0.7,72.6,90.4,86.1,88.25,18.2143954131258,70.7856045868742,11.0,32.0,56.7,20.9
379,9245,00AWGN,Redcliffe,00AW,Kensington and Chelsea,84.8,28.4,10.4,2.6,5.2,0.6,46.9,81.7,89.1,85.4,15.110870740941,74.689129259059,10.2,18.8,53.4,21.6
380,11197,00BAGS,Wimbledon Park,00BA,Merton,54.6,28.5,8.3,2.0,7.8,1.0,81.1,84.7,86.1,85.4,21.2021077074216,70.5978922925784,8.2,20.4,32.9,8.4
381,10026,00AQGL,Pinner,00AQ,Harrow,56.7,28.6,14.6,2.8,14.7,1.3,62.5,80.7,84.9,82.80000000000001,18.1129064432476,62.08709355675241,19.8,38.0,31.7,7.5
382,13636,00BHGP,Markhouse,00BH,Waltham Forest,105.4,29.0,24.4,11.3,20.8,0.6,97.6,75.9,78.0,76.95,23.166617776474,69.033382223526,7.8,58.2,45.8,19.0
383,15064,00APGR,Tottenham Hale,00AP,Haringey,133.3,29.0,39.2,11.8,24.7,0.5,69.1,75.7,78.3,77.0,23.6457780138078,68.5542219861922,7.8,57.4,53.5,22.3
384,7964,00AWGD,Cremorne,00AW,Kensington and Chelsea,89.4,29.2,43.4,4.8,15.4,0.5,51.8,83.2,89.7,86.45,15.5826217980914,69.11737820190861,15.3,32.5,44.4,17.2
385,14506,00AKHB,Southbury,00AK,Enfield,103.3,29.3,24.0,8.1,24.6,0.9,87.5,79.6,81.3,80.44999999999999,24.9827657521026,65.51723424789739,9.5,36.2,30.2,12.0
386,11734,00AMGU,Wick,00AM,Hackney,95.9,29.5,53.8,12.2,22.8,0.5,53.4,74.9,82.7,78.80000000000001,22.3197545594,69.7802454406,7.9,51.6,35.1,10.9
387,13923,00AKGM,Bush Hill Park,00AK,Enfield,53.7,29.6,5.2,4.1,20.4,1.3,61.1,79.6,84.0,81.8,18.0205415499533,64.7794584500467,17.2,26.8,25.7,7.7
388,10422,00BCGN,Monkhams,00BC,Redbridge,56.3,29.9,4.4,1.9,15.0,1.4,53.7,80.9,82.5,81.7,16.9737094607561,62.3262905392439,20.7,21.1,18.8,3.8
389,10442,00ADGQ,Longlands,00AD,Bexley,40.7,30.0,13.2,2.8,20.9,1.2,52.5,79.6,81.3,80.44999999999999,16.2995594713656,62.0004405286344,21.7,9.4,9.9,2.1
390,9988,00BKGS,Vincent Square,00BK,Westminster,92.5,30.0,34.5,4.3,11.7,0.4,39.0,80.3,90.4,85.35,14.4873848618342,72.9126151381658,12.6,29.3,44.6,17.0
391,15164,00BCGR,Seven Kings,00BC,Redbridge,96.4,30.0,8.2,8.0,18.4,1.0,82.3,78.0,79.7,78.85,24.2152466367713,66.5847533632287,9.2,76.7,47.6,19.3
392,12839,00BEGK,Faraday,00BE,Southwark,108.6,30.0,68.4,10.3,21.8,0.4,65.5,78.3,83.5,80.9,23.2416854895241,69.7583145104759,7.0,60.7,45.9,14.6
393,14567,00AZGJ,Downham,00AZ,Lewisham,90.4,30.1,40.9,9.9,30.2,0.7,66.7,74.3,81.8,78.05,24.7065284547264,62.5934715452736,12.7,41.7,24.8,6.2
394,11478,00ABGG,Longbridge,00AB,Barking and Dagenham,91.9,30.3,13.1,5.6,22.7,1.1,98.4,76.5,82.4,79.45,22.9656734622757,65.4343265377243,11.6,57.4,33.3,11.9
395,14781,00BGFZ,Bow East,00BG,Tower Hamlets,113.1,30.3,42.8,10.5,21.4,0.4,64.2,71.3,80.8,76.05,17.4616061159597,75.1383938840403,7.4,39.9,30.9,10.9
396,10399,00ALGW,Eltham West,00AL,Greenwich,61.6,30.5,44.1,6.2,30.8,0.9,47.9,74.2,81.7,77.95,21.9924992787768,65.7075007212232,12.3,24.6,21.3,6.4
397,14377,00AKHF,Turkey Sainteet,00AK,Enfield,74.6,30.5,26.3,9.5,30.2,1.0,74.1,76.2,81.4,78.80000000000001,25.5129721082284,62.9870278917716,11.5,37.9,31.0,14.1
398,13069,00BCGJ,Goodmayes,00BC,Redbridge,93.8,30.6,8.5,8.4,18.1,1.0,103.0,79.9,83.2,81.55000000000001,24.0875353890887,67.9124646109113,8.0,75.2,46.3,18.5
399,13411,00BBGF,Custom House,00BB,Newham,136.0,30.6,41.4,9.5,25.3,0.7,91.8,73.7,77.4,75.55000000000001,24.0548803221236,69.3451196778764,6.6,53.5,46.9,19.6
400,10828,00BKGQ,Saint James's,00BK,Westminster,1658.0,30.7,28.0,6.1,10.7,0.4,37.2,80.4,86.4,83.4,8.7827853712597,80.2172146287403,11.0,28.8,49.0,20.0
401,14106,00ASGY,Townfield,00AS,Hillingdon,147.8,30.8,30.1,7.9,24.7,1.0,94.6,74.8,79.4,77.1,23.1958032043102,67.00419679568981,9.8,62.9,44.7,18.1
402,15141,00BBGB,Beckton,00BB,Newham,121.2,30.9,36.5,6.5,19.2,0.7,55.1,81.9,82.6,82.25,21.9932633247474,73.2067366752526,4.8,54.2,49.7,23.5
403,10693,00AQGE,Hatch End,00AQ,Harrow,50.8,31.1,8.5,2.4,15.4,1.4,55.3,82.0,84.3,83.15,18.6851211072664,61.514878892733606,19.8,43.3,33.0,9.1
404,11977,00ARGF,Emerson Park,00AR,Havering,46.7,31.2,3.9,2.5,23.1,1.6,52.2,78.7,81.3,80.0,16.3062536528346,62.393746347165404,21.3,17.7,11.4,1.7
405,10784,00APGJ,Muswell Hill,00AP,Haringey,81.0,31.2,9.4,3.0,8.3,0.9,56.3,77.4,81.5,79.45,17.8783382789318,70.0216617210682,12.1,16.2,26.1,7.0
406,10801,00AHGR,New Addington,00AH,Croydon,87.4,31.2,42.2,7.9,34.8,1.0,72.7,74.4,80.5,77.45,25.8031663734839,61.49683362651609,12.7,23.7,13.9,3.0
407,14086,00BHFZ,Chapel End,00BH,Waltham Forest,95.7,31.2,15.7,8.2,18.7,0.9,103.4,75.8,86.7,81.25,24.116143688769,67.883856311231,8.0,48.5,36.9,14.1
408,11337,00BHGK,Larkswood,00BH,Waltham Forest,85.8,31.4,17.4,6.6,26.2,1.1,71.4,77.5,83.6,80.55,19.978830378407,64.721169621593,15.3,31.2,21.8,6.3
409,12199,00ASGP,Heathrow Villages,00AS,Hillingdon,308.0,31.4,14.8,3.7,19.2,1.1,86.9,75.8,82.8,79.3,20.8213788015411,69.7786211984589,9.4,50.0,43.2,17.1
410,14385,00ALGR,Charlton,00AL,Greenwich,66.2,31.6,41.1,7.4,20.8,0.7,89.3,74.1,79.9,77.0,21.8143899895725,67.4856100104275,10.7,36.2,31.0,9.4
411,15772,00AEGK,Barnhill,00AE,Brent,83.4,31.6,26.6,6.7,18.1,1.0,79.0,79.6,82.7,81.15,20.8787725082425,66.82122749175751,12.3,69.7,56.5,22.9
412,9675,00AYFZ,Bishop's,00AY,Lambeth,311.9,31.6,41.8,6.9,14.5,0.4,38.2,78.0,84.0,81.0,11.4521963824289,79.8478036175711,8.7,42.0,43.0,13.7
413,16402,00BJGT,West Hill,00BJ,Wandsworth,43.9,31.9,23.6,4.7,14.3,0.8,56.1,75.8,78.3,77.05,18.8452627728326,71.6547372271674,9.5,31.7,43.5,13.5
414,12811,00AEGW,Northwick Park,00AE,Brent,68.6,32.0,16.2,3.1,13.4,1.3,39.4,80.7,81.6,81.15,16.6887830770432,70.1112169229568,13.2,68.8,53.3,19.8
415,14370,00ASHB,West Drayton,00AS,Hillingdon,81.8,32.0,26.4,5.3,24.3,1.1,77.9,75.3,81.9,78.6,22.7557411273486,65.7442588726514,11.5,33.5,27.6,9.2
416,17402,00ACGS,West Hendon,00AC,Barnet,120.5,32.0,16.8,5.0,17.8,0.9,85.8,78.2,84.3,81.25,19.8080680381565,68.79193196184349,11.4,50.6,53.6,24.7
417,12915,00ARGN,Mawneys,00AR,Havering,59.9,32.1,11.4,5.0,29.6,1.2,65.3,80.2,89.2,84.7,19.4192799070848,62.4807200929152,18.1,11.5,9.3,2.5
418,15034,00ASGH,Botwell,00AS,Hillingdon,111.0,32.2,25.2,7.6,24.0,1.1,94.5,75.6,82.0,78.8,24.9634162564853,65.9365837435147,9.1,60.2,42.7,17.9
419,9862,00BAGR,West Barnes,00BA,Merton,57.7,32.3,5.2,2.4,13.9,1.1,82.0,82.9,82.4,82.65,20.4421009937132,66.1578990062868,13.4,30.0,33.7,9.3
420,8158,00BKGR,Tachbrook,00BK,Westminster,51.1,32.4,29.3,2.7,12.5,0.4,33.3,82.2,83.1,82.65,10.7501838685952,73.8498161314048,15.4,21.8,41.1,15.1
421,12955,00ARGP,Pettits,00AR,Havering,55.9,32.4,5.4,3.2,25.7,1.4,59.6,81.0,83.9,82.45,17.0204554226168,62.1795445773832,20.8,8.7,7.4,1.7
422,14884,00AFHB,West Wickham,00AF,Bromley,40.8,32.6,4.4,2.2,15.2,1.4,52.2,80.9,84.7,82.80000000000001,19.8535339962376,60.446466003762396,19.7,10.6,9.7,1.3
423,18171,00ALGX,Glyndon,00AL,Greenwich,65.6,32.6,41.4,10.5,21.4,0.6,91.0,73.2,77.4,75.30000000000001,22.8606020582246,70.0393979417754,7.1,55.0,42.2,13.8
424,17077,00AHHC,Waddon,00AH,Croydon,93.8,32.6,25.5,6.8,19.1,0.8,74.1,74.8,80.1,77.44999999999999,22.2755753352462,66.7244246647538,11.0,44.6,30.1,8.9
425,10131,00BDFY,Fulwell and Hampton Hill,00BD,Richmond upon Thames,38.8,32.7,8.0,1.9,10.8,1.1,69.6,78.4,80.7,79.55000000000001,21.133155660843,66.366844339157,12.5,9.9,16.7,4.0
426,9833,00AXGM,Tolworth and Hook Rise,00AX,Kingston upon Thames,61.4,33.1,10.7,2.7,18.4,1.2,74.0,80.3,89.7,85.0,20.4617105664599,66.6382894335401,12.9,27.2,26.1,8.0
427,11890,00ADGB,Belvedere,00AD,Bexley,67.6,33.2,16.1,6.1,23.7,1.0,78.6,77.9,82.5,80.2,22.3549201009251,64.9450798990749,12.7,28.4,20.4,5.1
428,17949,00AKGQ,Edmonton Green,00AK,Enfield,147.7,33.2,43.1,19.6,30.5,0.6,124.1,74.8,79.6,77.19999999999999,27.9737032703772,63.6262967296228,8.4,60.6,46.8,21.4
429,11578,00ASGU,Northwood Hills,00AS,Hillingdon,59.7,33.3,15.5,2.6,16.6,1.3,76.7,78.9,86.0,82.45,18.863361547763,63.63663845223701,17.5,33.3,27.9,7.1
430,16743,00AHHE,Woodside,00AH,Croydon,78.6,33.3,19.8,8.4,17.1,0.8,75.4,79.3,80.6,79.94999999999999,24.3863106970077,67.7136893029923,7.9,55.1,28.4,6.3
431,13586,00ASHD,Yeading,00AS,Hillingdon,100.8,33.3,21.8,6.0,19.8,1.1,105.9,78.4,82.4,80.4,25.813337258943,66.58666274105701,7.6,64.1,42.7,17.4
432,12142,00ASGM,Eastcote and East Ruislip,00AS,Hillingdon,52.5,33.4,7.2,2.0,13.6,1.5,54.3,80.5,87.4,83.95,17.7812551474222,62.2187448525778,20.0,20.2,17.5,3.7
433,12780,00BCGF,Cranbrook,00BC,Redbridge,81.7,33.4,5.3,5.1,17.6,1.2,83.3,77.5,83.0,80.25,20.5242566510172,66.5757433489828,12.9,75.4,44.5,15.1
434,13354,00BGGF,Mile End East,00BG,Tower Hamlets,113.9,33.4,52.9,14.8,23.3,0.4,74.3,73.4,78.7,76.05000000000001,23.8954620338475,70.40453796615249,5.7,66.0,43.5,20.0
435,12280,00AMGN,Lordship,00AM,Hackney,61.9,33.6,37.0,7.1,24.2,0.5,111.6,75.1,84.8,79.94999999999999,27.4511400651466,64.14885993485339,8.4,30.5,31.4,13.1
436,16239,00BJGR,Tooting,00BJ,Wandsworth,97.0,33.7,18.0,5.7,14.4,0.6,57.3,76.0,79.7,77.85,17.9075066198658,73.0924933801342,9.0,52.7,45.4,15.2
437,14051,00ALHB,Peninsula,00AL,Greenwich,167.4,33.7,30.6,4.1,15.0,0.6,68.2,74.6,85.1,79.85,16.9240623443171,74.77593765568291,8.3,30.6,33.0,10.4
438,12402,00BEGZ,Village,00BE,Southwark,83.3,33.8,15.5,2.8,9.4,1.0,65.5,77.9,81.6,79.75,23.7381067569747,65.36189324302529,10.9,20.1,22.0,3.5
439,12921,00AMGH,Hackney Downs,00AM,Hackney,90.8,33.8,43.1,11.6,19.3,0.4,67.4,74.9,83.3,79.1,18.8839873074839,73.9160126925161,7.2,51.7,39.5,15.5
440,14846,00BBGW,Wall End,00BB,Newham,63.7,33.9,17.7,8.4,19.6,0.7,89.0,78.6,80.3,79.44999999999999,25.239121648929,68.260878351071,6.5,82.2,59.8,29.7
441,14940,00BJGJ,Northcote,00BJ,Wandsworth,112.9,34.0,13.6,2.3,6.7,0.8,72.9,80.1,81.1,80.6,19.0361445783133,74.9638554216867,6.0,14.9,28.9,5.7
442,13743,00BEGT,Rotherhithe,00BE,Southwark,107.2,34.1,45.6,5.8,17.5,0.5,54.8,76.3,79.2,77.75,17.2378665502438,75.36213344975619,7.4,40.9,43.4,15.2
443,13753,00AEHD,Welsh Harp,00AE,Brent,85.3,34.2,19.2,7.7,22.6,0.9,85.0,81.2,88.5,84.85,21.3480695121064,67.25193048789359,11.4,61.3,55.0,22.9
444,14539,00AJGJ,Elthorne,00AJ,Ealing,103.8,34.2,20.2,5.9,15.1,0.8,71.4,74.8,85.5,80.15,19.6987413164592,70.60125868354079,9.7,34.9,40.6,16.9
445,9090,00BAGH,Lower Morden,00BA,Merton,36.5,34.3,4.1,3.1,20.9,1.3,67.7,80.1,86.6,83.35,19.1859185918592,65.61408140814079,15.2,21.9,22.1,5.9
446,13368,00BHGS,Wood Sainteet,00BH,Waltham Forest,89.4,34.4,30.9,9.8,20.8,0.7,102.1,75.3,83.2,79.25,23.3019150209455,67.4980849790545,9.2,50.4,38.7,14.4
447,15183,00AJGS,Northolt Mandeville,00AJ,Ealing,95.4,34.4,24.2,7.8,21.5,0.9,91.7,77.6,85.0,81.3,23.5065533820721,65.7934466179279,10.7,51.7,44.1,19.5
448,10107,00AXGG,Norbiton,00AX,Kingston upon Thames,71.6,34.5,31.2,4.9,17.7,0.8,67.4,76.2,78.2,77.2,18.7691698822598,72.1308301177402,9.1,31.0,34.1,13.6
449,14842,00BJGQ,Thamesfield,00BJ,Wandsworth,104.9,34.5,7.5,1.3,6.3,0.8,63.7,81.4,82.9,82.15,15.1731572564344,76.02684274356561,8.8,12.3,31.4,5.8
450,12048,00ASGZ,Uxbridge North,00AS,Hillingdon,106.1,34.5,12.7,2.9,16.8,1.3,63.1,77.2,83.0,80.1,17.886786188579,66.213213811421,15.9,30.2,23.4,5.9
451,14950,00AEHB,Sudbury,00AE,Brent,82.5,34.6,15.0,6.1,18.1,0.9,115.0,80.5,84.8,82.65,20.6622073578595,68.8377926421405,10.5,77.3,62.2,28.4
452,14039,00AZGE,Blackheath,00AZ,Lewisham,106.9,34.6,28.8,4.7,13.2,0.7,56.8,77.4,82.4,79.9,18.3845003205357,70.7154996794643,10.9,30.2,29.3,7.4
453,8937,00AWGF,Golborne,00AW,Kensington and Chelsea,129.0,34.6,67.8,12.1,22.5,0.4,51.9,85.8,86.0,85.9,18.6639812017456,71.1360187982544,10.2,52.1,46.1,16.9
454,14558,00AJGD,Cleveland,00AJ,Ealing,52.3,34.8,21.5,5.6,13.1,0.9,59.1,76.8,85.9,81.35,21.7062783349361,66.3937216650639,11.9,36.9,39.6,15.1
455,16137,00ACGC,East Barnet,00AC,Barnet,59.0,34.9,9.8,4.3,17.1,1.2,65.8,80.5,84.5,82.5,20.7225630538514,65.5774369461486,13.7,23.4,23.4,7.2
456,19120,00ALHG,Woolwich Riverside,00AL,Greenwich,137.4,34.9,50.0,10.4,19.9,0.5,84.4,73.8,80.2,77.0,23.6297071129707,70.1702928870293,6.2,49.0,39.4,13.3
457,23084,00BGGG,Millwall,00BG,Tower Hamlets,86.5,35.0,20.6,5.1,11.4,0.5,58.1,83.6,95.0,89.3,15.5605614278288,80.9394385721712,3.5,47.6,52.1,23.4
458,11543,00ATGB,Chiswick Riverside,00AT,Hounslow,72.1,35.2,18.5,2.9,9.2,1.0,76.7,85.4,82.2,83.80000000000001,18.7559559906437,69.4440440093563,11.8,19.1,30.3,8.9
459,12044,00BCGQ,Roding,00BC,Redbridge,69.1,35.7,15.9,5.0,15.9,1.1,68.0,80.3,83.8,82.05,22.7499169711059,66.9500830288941,10.3,37.2,28.2,8.7
460,10418,00ADGA,Barnehurst,00AD,Bexley,41.8,35.8,10.7,3.5,23.1,1.3,61.0,78.6,85.8,82.19999999999999,18.9671722019581,62.83282779804189,18.2,9.8,8.0,1.3
461,11658,00BCGA,Bridge,00BC,Redbridge,62.8,36.0,13.8,4.5,19.9,1.1,50.0,79.4,83.6,81.5,20.0291645222165,66.57083547778349,13.4,28.1,21.6,6.7
462,14229,00AJGN,Hobbayne,00AJ,Ealing,65.4,36.1,25.2,5.6,18.2,0.9,77.7,77.5,86.0,81.75,22.6017288635884,66.09827113641161,11.3,37.7,40.7,17.2
463,10864,00ADGK,Danson Park,00AD,Bexley,59.1,36.3,8.9,3.3,23.0,1.2,53.6,79.8,84.3,82.05,18.5014727540501,63.9985272459499,17.5,16.2,13.2,3.1
464,11563,00ATGD,Feltham North,00AT,Hounslow,110.8,36.4,22.3,4.6,26.1,1.1,84.3,73.5,77.3,75.4,19.9688662111909,66.4311337888091,13.6,38.9,35.7,14.1
465,10024,00BAGG,Longthornton,00BA,Merton,58.1,36.6,10.6,6.0,19.1,1.0,74.1,78.2,84.0,81.1,21.6380686352753,67.5619313647247,10.8,58.2,42.0,14.5
466,15587,00AEHF,Willesden Green,00AE,Brent,127.5,36.8,26.8,8.9,18.5,0.5,54.4,78.2,88.1,83.15,19.1634054019375,73.23659459806251,7.6,52.7,56.3,25.9
467,11346,00ADGP,Lesnes Abbey,00AD,Bexley,57.2,36.9,21.0,5.3,23.8,1.1,75.5,79.6,84.3,81.94999999999999,20.9236735413362,63.4763264586638,15.6,31.0,23.3,5.0
468,13505,00ALHA,Middle Park and Sutcliffe,00AL,Greenwich,72.5,37.0,37.3,7.9,25.5,0.9,75.3,76.8,84.7,80.75,21.9326175490559,63.86738245094409,14.2,24.0,22.3,5.6
469,12411,00BGGJ,Saint Katherine's and Wapping,00BG,Tower Hamlets,100.6,37.0,20.3,4.3,12.3,0.6,61.0,76.1,79.1,77.6,13.6652969140279,80.2347030859721,6.1,37.6,41.5,15.9
470,11058,00BHGF,Hatch Lane,00BH,Waltham Forest,77.2,37.7,24.7,7.0,26.2,1.1,73.8,78.6,82.9,80.75,20.2930005425936,63.606999457406395,16.1,22.2,16.5,4.4
471,15989,00ACGD,East Finchley,00AC,Barnet,69.4,37.8,22.2,4.2,14.1,0.8,67.8,79.3,84.9,82.1,18.869222590531,68.130777409469,13.0,28.2,34.4,10.4
472,10396,00BDGM,Twickenham Riverside,00BD,Richmond upon Thames,75.8,37.8,6.2,1.5,6.2,0.9,73.8,78.4,81.0,79.7,17.1315890727203,70.46841092727969,12.4,10.3,26.8,7.2
473,9968,00BAGL,Ravensbury,00BA,Merton,75.9,37.8,25.1,6.8,23.7,0.9,93.2,78.0,81.4,79.7,21.2479935794543,65.2520064205457,13.5,38.9,36.0,13.1
474,15107,00AYGG,Herne Hill,00AY,Lambeth,133.6,37.9,31.8,8.5,12.2,0.5,67.3,74.3,82.8,78.55,18.3689680280665,74.43103197193349,7.2,39.6,35.3,10.8
475,13372,00APGS,West Green,00AP,Haringey,94.7,38.2,36.0,12.0,23.9,0.5,65.0,75.6,86.2,80.9,19.7427460364942,70.7572539635058,9.5,47.8,54.6,25.9
476,15339,00AJGW,Perivale,00AJ,Ealing,89.0,38.3,8.5,5.0,17.4,1.1,88.3,82.6,87.0,84.8,20.1251711324076,68.8748288675924,11.0,54.6,55.4,26.7
477,10786,00ABGF,Heath,00AB,Barking and Dagenham,109.4,38.4,45.3,12.2,32.1,0.7,83.4,75.1,79.3,77.19999999999999,26.274800667532,61.025199332468006,12.7,32.3,24.1,6.2
478,16331,00BJGK,Queenstown,00BJ,Wandsworth,83.2,38.5,30.7,4.6,11.9,0.5,42.0,76.9,84.6,80.75,14.1877411058723,78.0122588941277,7.8,35.7,42.4,15.4
479,10667,00BFGD,Beddington South,00BF,Sutton,61.1,39.1,35.9,6.2,21.0,1.3,59.6,76.9,83.7,80.30000000000001,22.0399362519921,64.06006374800789,13.9,28.8,20.1,4.2
480,12438,00ATGK,Heston West,00AT,Hounslow,126.4,39.1,33.7,7.0,21.8,1.1,87.3,79.7,82.5,81.1,22.969930857051,66.730069142949,10.3,76.2,51.1,23.9
481,13445,00AEGP,Fryent,00AE,Brent,78.7,39.3,13.9,5.1,20.3,1.1,94.0,82.2,90.2,86.2,20.8627742655262,67.3372257344738,11.8,62.7,55.9,21.9
482,17499,00ALHF,Woolwich Common,00AL,Greenwich,105.3,39.4,50.0,13.4,21.8,0.6,100.5,73.9,85.4,79.65,26.9101091490942,67.1898908509058,5.9,57.6,41.8,13.6
483,14966,00AHGQ,Kenley,00AH,Croydon,39.8,39.6,11.4,4.0,14.6,1.3,76.0,78.0,80.7,79.35,20.7603902178271,64.33960978217289,14.9,23.2,17.9,3.0
484,16469,00AKGS,Enfield Lock,00AK,Enfield,70.7,39.6,22.7,11.0,26.5,0.9,91.1,76.4,79.1,77.75,27.2876313073046,64.5123686926954,8.2,45.1,33.8,14.0
485,15671,00BHGL,Lea Bridge,00BH,Waltham Forest,127.3,40.1,18.4,11.9,23.0,0.6,107.0,73.2,77.7,75.45,23.8912641184353,67.70873588156469,8.4,64.8,50.4,21.2
486,17250,00ACGB,Coppetts,00AC,Barnet,85.4,40.3,13.4,4.9,15.0,1.0,72.5,76.7,81.1,78.9,19.7101449275362,69.98985507246381,10.3,35.0,36.1,13.6
487,13435,00BEGX,Surrey Docks,00BE,Southwark,85.7,40.3,23.9,3.7,11.8,0.6,57.5,85.5,82.9,84.2,12.1697059918124,82.13029400818759,5.7,30.9,42.7,15.4
488,12609,00BHGC,Forest,00BH,Waltham Forest,118.8,40.4,13.6,7.4,19.3,0.8,99.6,77.9,80.7,79.30000000000001,19.3591878816718,71.3408121183282,9.3,58.7,45.7,18.4
489,15122,00AFGZ,Plaistow and Sundridge,00AF,Bromley,59.5,40.5,17.4,4.7,18.6,1.0,68.7,77.8,81.2,79.5,19.6270334611824,65.5729665388176,14.8,19.3,16.9,3.9
490,11630,00BFGU,Wandle Valley,00BF,Sutton,69.2,40.5,33.6,6.6,23.7,1.0,79.3,77.3,84.6,80.94999999999999,24.067067927773,66.932932072227,9.0,24.8,19.8,5.7
491,13841,00ASGJ,Brunel,00AS,Hillingdon,90.4,40.5,22.0,3.3,17.6,1.1,47.2,78.2,83.4,80.80000000000001,15.5263348023987,73.3736651976013,11.1,38.2,29.3,9.8
492,16531,00AKGY,Lower Edmonton,00AK,Enfield,71.9,40.6,27.4,11.5,28.5,0.7,111.2,75.7,79.8,77.75,27.4514548424173,63.348545157582706,9.2,58.9,46.1,19.5
493,16027,00AKGR,Enfield Highway,00AK,Enfield,87.8,40.6,24.4,9.6,30.1,1.0,70.6,78.1,86.2,82.15,26.2556935171897,63.444306482810305,10.3,42.2,34.3,14.5
494,16736,00ALHC,Plumstead,00AL,Greenwich,98.1,41.0,27.3,11.0,21.6,0.7,106.6,74.0,83.3,78.65,23.3568355640535,68.04316443594651,8.6,55.4,41.7,14.6
495,12979,00ASHE,Yiewsley,00AS,Hillingdon,117.7,41.3,27.3,5.5,23.7,1.0,72.0,74.9,81.1,78.0,22.3437861160336,68.3562138839664,9.3,33.8,27.7,10.0
496,11355,00BHGE,Hale End and Highams Park,00BH,Waltham Forest,74.8,41.4,18.8,6.8,20.0,1.1,75.5,80.2,84.3,82.25,22.7300748568912,65.86992514310879,11.4,33.1,21.8,5.9
497,15541,00ATGE,Feltham West,00AT,Hounslow,92.2,41.4,27.2,4.5,20.5,1.0,93.6,77.1,82.7,79.9,24.9919567595393,68.7080432404607,6.3,35.5,32.3,14.2
498,11408,00ATGG,Hanworth Park,00AT,Hounslow,99.1,41.4,21.3,3.8,23.4,1.1,72.7,77.7,82.4,80.05000000000001,20.4680925666199,67.5319074333801,12.0,30.8,28.5,10.9
499,10414,00BAGN,Saint Helier,00BA,Merton,66.5,41.6,31.0,6.2,23.7,0.9,98.3,78.6,81.6,80.1,21.5959285577108,65.1040714422892,13.3,35.0,33.0,11.7
500,10919,00BDGF,Mortlake and Barnes Common,00BD,Richmond upon Thames,60.3,41.7,16.0,2.3,9.8,0.9,96.8,77.8,85.5,81.65,19.7911896693836,68.2088103306164,12.0,11.7,25.6,5.2
501,10357,00AXGD,Coombe Hill,00AX,Kingston upon Thames,56.8,42.1,11.6,2.3,10.7,1.3,43.9,80.4,83.0,81.7,18.8181905957324,66.78180940426759,14.4,35.5,40.6,13.9
502,19461,00BGFY,Blackwall and Cubitt Town,00BG,Tower Hamlets,90.0,42.2,28.6,6.7,14.6,0.5,75.1,77.4,83.4,80.4,17.804840450131,77.495159549869,4.7,50.4,48.6,21.9
503,11346,00ATGA,Chiswick Homefields,00AT,Hounslow,103.6,42.2,16.4,2.3,9.3,0.9,52.3,78.7,83.6,81.15,18.3324519654504,70.3675480345496,11.3,18.8,34.0,9.8
504,11632,00APGG,Highgate,00AP,Haringey,77.9,42.4,11.1,3.3,6.4,0.8,50.0,79.5,85.4,82.45,15.3627922971114,72.9372077028886,11.7,18.9,31.5,8.2
505,13554,00ATGS,Syon,00AT,Hounslow,94.2,42.5,27.4,4.1,16.4,0.9,80.3,73.0,79.4,76.2,19.1382617677438,71.3617382322562,9.5,34.2,36.7,13.5
506,9249,00BAFY,Cannon Hill,00BA,Merton,40.6,42.7,5.5,2.9,17.0,1.2,66.9,79.7,83.6,81.65,17.7316466645043,66.4683533354957,15.8,25.4,29.6,7.7
507,11226,00ADGH,Crayford,00AD,Bexley,61.3,42.7,21.8,4.7,25.3,1.1,64.2,77.4,87.5,82.45,21.6907179761268,63.70928202387321,14.6,11.7,10.0,1.9
508,14353,00ATFZ,Brentford,00AT,Hounslow,84.3,42.9,37.7,3.9,17.2,0.8,62.7,76.7,85.7,81.2,17.9126315056086,72.1873684943914,9.9,33.9,38.3,15.0
509,12939,00BGGA,Bow West,00BG,Tower Hamlets,145.3,43.0,39.0,8.8,20.3,0.5,60.3,74.0,80.9,77.45,19.2596027513718,72.9403972486282,7.8,40.7,32.0,11.3
510,7252,00AWGP,Royal Hospital,00AW,Kensington and Chelsea,120.0,43.1,13.6,1.8,9.0,0.8,52.3,80.5,89.6,85.05,12.8516271373414,67.0483728626586,20.1,15.4,44.8,16.7
511,12270,00AQGC,Harrow on the Hill,00AQ,Harrow,65.0,43.4,13.8,3.4,13.3,1.0,78.4,81.2,84.2,82.7,20.8149959250204,67.4850040749796,11.7,52.6,44.2,15.1
512,9246,00AXFX,Alexandra,00AX,Kingston upon Thames,49.2,43.5,4.9,2.1,15.8,1.4,55.1,80.8,84.4,82.6,20.8630759247242,64.3369240752758,14.8,29.8,27.2,8.2
513,15892,00AFGT,Kelsey and Eden Park,00AF,Bromley,79.6,43.6,8.6,3.1,17.1,1.3,46.1,82.0,85.0,83.5,20.2554744525547,62.244525547445306,17.5,16.0,13.6,2.5
514,15915,00ACGQ,Underhill,00AC,Barnet,64.4,43.7,25.7,5.4,21.6,1.1,48.9,78.2,82.6,80.4,20.5717876217405,63.2282123782595,16.2,27.3,25.4,6.9
515,11812,00BEGG,College,00BE,Southwark,92.9,43.7,27.2,5.8,13.6,0.8,69.5,75.8,81.6,78.69999999999999,20.4029800203183,67.8970199796817,11.7,36.6,30.7,5.3
516,9175,00ANGD,College Park and Old Oak,00AN,Hammersmith and Fulham,133.2,43.8,55.9,7.9,23.0,0.4,46.5,74.4,83.1,78.75,20.3596730245232,70.9403269754768,8.7,50.0,45.7,19.5
517,15704,00ALGP,Abbey Wood,00AL,Greenwich,82.9,43.9,38.9,9.0,25.3,0.7,105.3,74.3,81.1,77.69999999999999,26.8530310748854,63.546968925114605,9.6,46.3,32.0,7.6
518,9987,00AFGU,Mottingham and Chislehurst North,00AF,Bromley,91.1,44.4,31.9,7.3,26.0,1.0,70.0,76.6,81.2,78.9,22.4091318714329,63.590868128567095,14.0,18.4,15.1,3.6
519,10728,00ABGL,Thames,00AB,Barking and Dagenham,143.8,44.4,44.4,9.2,24.1,0.7,115.1,79.2,84.2,81.7,30.27591349739,62.824086502609994,6.9,54.9,37.2,11.2
520,15664,00AKHA,Ponders End,00AK,Enfield,93.0,44.5,25.6,13.7,26.9,0.8,61.6,77.6,80.8,79.19999999999999,25.9001532175689,64.9998467824311,9.1,54.6,43.5,19.0
521,12053,00ADGM,Erith,00AD,Bexley,86.0,44.6,20.2,6.6,23.6,1.0,106.7,78.3,82.8,80.55,23.6372687297768,64.6627312702232,11.7,31.4,23.1,5.6
522,12622,00ASGL,Charville,00AS,Hillingdon,69.4,44.9,9.7,4.2,21.6,1.3,83.5,81.6,86.0,83.8,22.8014577721439,64.69854222785611,12.5,43.9,30.1,9.7
523,14957,00ARGC,Brooklands,00AR,Havering,76.8,44.9,17.4,5.0,24.9,1.0,67.1,73.8,77.7,75.75,21.0670589021863,65.4329410978137,13.5,22.3,17.4,4.4
524,13544,00ARGT,South Hornchurch,00AR,Havering,87.6,45.0,19.8,7.3,31.4,1.2,63.2,76.9,81.8,79.35,21.0351447135263,62.36485528647369,16.6,16.4,11.8,2.5
525,12570,00ARGL,Heaton,00AR,Havering,72.6,45.3,37.1,8.8,35.8,1.0,61.6,76.7,81.0,78.85,21.9252187748608,61.27478122513921,16.8,16.3,13.0,2.5
526,12155,00ATGF,Hanworth,00AT,Hounslow,84.9,45.3,38.6,6.7,26.4,1.0,85.0,77.5,87.1,82.3,24.2040312628548,64.7959687371452,11.0,32.4,28.9,11.3
527,13272,00APGF,Harringay,00AP,Haringey,108.9,45.4,13.9,9.3,14.0,0.5,64.0,78.4,81.8,80.1,14.7679324894515,77.7320675105485,7.5,34.5,49.2,24.3
528,10528,00BDGN,West Twickenham,00BD,Richmond upon Thames,48.8,45.6,11.5,2.1,13.4,1.1,88.4,79.2,83.4,81.30000000000001,21.7895136778116,66.5104863221884,11.7,16.0,21.1,4.4
529,13518,00BEGR,Peckham Rye,00BE,Southwark,62.3,45.7,25.3,5.8,13.8,0.7,75.6,75.6,81.2,78.4,20.2914632342062,71.7085367657938,8.0,35.8,28.8,5.9
530,11229,00AQGS,Saintnmore Park,00AQ,Harrow,62.5,45.8,15.0,3.2,19.7,1.4,67.4,80.2,81.1,80.65,17.3479383738534,60.252061626146606,22.4,43.3,34.5,8.8
531,10342,00ABGH,Mayesbrook,00AB,Barking and Dagenham,83.4,45.8,38.6,9.6,32.1,0.8,104.5,76.6,82.2,79.4,27.1030748404564,62.0969251595436,10.8,31.2,25.0,8.2
532,14775,00AZGD,Bellingham,00AZ,Lewisham,103.1,46.7,44.0,9.5,25.4,0.7,76.6,75.2,79.1,77.15,25.1573604060914,64.6426395939086,10.2,51.3,29.6,6.2
533,10491,00ADGT,Saint Mary's,00AD,Bexley,41.7,46.8,4.1,2.1,18.9,1.4,61.2,80.7,92.6,86.65,18.139357544562,60.860642455438,21.0,8.4,8.1,1.1
534,13910,00AJGE,Dormers Wells,00AJ,Ealing,80.6,47.3,28.4,8.9,23.5,1.0,76.8,77.0,82.3,79.65,22.3939611790079,66.0060388209921,11.6,82.1,56.0,29.1
535,10820,00BDGJ,South Richmond,00BD,Richmond upon Thames,123.3,47.3,13.9,2.0,7.1,0.9,55.2,78.7,83.6,81.15,16.5526802218115,69.4473197781885,14.0,13.1,33.0,8.5
536,14032,00AJGU,Norwood Green,00AJ,Ealing,124.6,47.6,34.7,10.1,21.8,1.1,70.7,78.2,79.9,79.05000000000001,20.6242873432155,68.6757126567845,10.7,78.0,50.7,25.6
537,14575,00BJGA,Bedford,00BJ,Wandsworth,62.2,47.9,16.1,2.9,9.1,0.7,51.1,78.2,82.6,80.4,14.6415094339623,77.8584905660377,7.5,27.6,30.3,8.3
538,15307,00ACGL,High Barnet,00AC,Barnet,81.9,47.9,7.7,2.9,13.1,1.2,56.5,78.2,82.3,80.25,18.4556085451101,65.0443914548899,16.5,18.3,22.1,6.3
539,10787,00ABGN,Village,00AB,Barking and Dagenham,102.3,48.0,39.9,11.9,30.3,0.8,99.1,76.0,80.9,78.45,24.9559655140447,63.74403448595531,11.3,34.8,26.0,7.5
540,12906,00ASGQ,Hillingdon East,00AS,Hillingdon,74.9,48.1,14.8,4.5,19.3,1.3,83.7,77.6,83.5,80.55,23.1132806446614,64.9867193553386,11.9,34.4,23.3,6.4
541,15247,00BJGS,Wandsworth Common,00BJ,Wandsworth,60.6,48.2,12.6,2.1,11.0,1.0,72.8,76.7,79.6,78.15,18.6922017446055,73.20779825539451,8.1,17.8,25.7,4.5
542,12630,00BCGG,Fairlop,00BC,Redbridge,91.7,48.2,9.7,5.2,21.2,1.2,89.8,80.2,81.1,80.65,20.8471892319873,66.0528107680127,13.1,34.9,25.1,8.2
543,12777,00AHGU,Sanderstead,00AH,Croydon,39.8,48.6,6.7,2.9,15.1,1.5,55.7,82.5,84.2,83.35,19.5585818267199,61.9414181732801,18.5,19.5,13.7,1.7
544,16633,00BBGP,Little Ilford,00BB,Newham,85.2,48.6,30.1,12.0,23.2,0.6,107.8,71.2,78.9,75.05000000000001,27.782119882162,65.517880117838,6.7,82.0,54.5,27.3
545,14727,00ATGM,Hounslow Heath,00AT,Hounslow,97.3,48.7,20.0,6.0,15.7,0.9,97.2,76.0,87.6,81.8,23.114008284104,69.085991715896,7.8,72.6,58.0,27.7
546,17437,00ACGJ,Hale,00AC,Barnet,57.6,48.8,13.6,4.1,17.8,1.2,90.5,81.2,83.8,82.5,23.1060388828354,63.493961117164595,13.4,40.6,35.7,11.7
547,16527,00ALGY,Greenwich West,00AL,Greenwich,127.7,49.0,35.7,5.4,12.8,0.6,64.3,75.6,82.1,78.85,17.4320808374176,74.8679191625824,7.7,33.3,34.8,9.7
548,12255,00AFGP,Crystal Palace,00AF,Bromley,111.5,49.3,33.2,8.2,16.9,0.6,70.6,75.5,82.0,78.75,19.2166462668299,72.9833537331701,7.8,38.1,30.3,8.3
549,10093,00AQGF,Headstone North,00AQ,Harrow,38.6,49.5,4.0,2.5,12.9,1.4,47.6,81.3,85.4,83.35,18.1809174675518,65.41908253244819,16.4,52.6,37.0,9.1
550,10611,00ASHC,West Ruislip,00AS,Hillingdon,67.0,49.5,11.0,2.0,16.3,1.3,55.8,80.4,85.3,82.85,17.8588257468665,65.3411742531335,16.8,18.0,18.4,3.9
551,14632,00AFGR,Farnborough and Crofton,00AF,Bromley,38.8,49.7,8.8,2.2,18.1,1.3,53.1,79.6,86.6,83.1,18.630399125205,58.369600874795,23.0,9.5,10.0,1.4
552,10221,00BDGC,Hampton Wick,00BD,Richmond upon Thames,55.8,50.0,15.1,1.8,10.0,1.1,60.9,79.7,84.4,82.05000000000001,20.4383132765874,66.26168672341261,13.3,11.4,20.3,4.5
553,11474,00BAGA,Cricket Green,00BA,Merton,93.2,50.0,36.9,10.1,24.5,0.7,120.0,78.5,87.0,82.75,23.3135785253617,65.88642147463831,10.8,47.5,39.5,14.5
554,10506,00ABGB,Eastbrook,00AB,Barking and Dagenham,72.4,51.1,20.0,8.8,29.9,1.1,65.9,76.6,79.0,77.8,21.2450028555111,64.0549971444889,14.7,24.8,19.0,4.5
555,11795,00APGA,Alexandra,00AP,Haringey,101.8,52.3,9.0,3.4,8.0,1.0,65.8,79.2,83.5,81.35,21.6108520559559,68.48914794404409,9.9,20.5,26.8,8.5
556,12701,00ATFY,Bedfont,00AT,Hounslow,94.5,52.5,26.9,5.1,24.0,1.1,83.9,77.3,80.9,79.1,22.2344697267932,66.56553027320679,11.2,35.7,31.0,12.5
557,10287,00BAGK,Pollards Hill,00BA,Merton,73.5,52.8,24.1,8.4,21.7,1.0,81.0,80.2,85.2,82.7,24.1178186060076,65.3821813939924,10.5,56.4,35.9,9.4
558,10309,00BFGC,Beddington North,00BF,Sutton,67.1,53.0,9.0,3.8,19.8,1.3,69.2,79.3,83.0,81.15,20.6906586477835,66.00934135221651,13.3,23.5,16.6,3.8
559,14713,00AJGR,North Greenford,00AJ,Ealing,69.6,53.3,8.3,3.8,16.9,1.2,87.7,79.8,87.4,83.6,20.288180520628,68.31181947937199,11.4,56.4,51.4,22.1
560,16728,00ACGE,Edgware,00AC,Barnet,93.7,54.0,15.8,4.2,17.0,1.2,76.4,80.1,83.6,81.85,23.3201817312291,62.879818268770904,13.8,39.2,37.4,12.1
561,10649,00BDGG,North Richmond,00BD,Richmond upon Thames,72.6,54.1,16.9,2.1,10.2,0.9,76.4,83.8,86.1,84.94999999999999,18.6590290168091,68.2409709831909,13.1,15.7,28.3,6.8
562,13031,00ATGR,Osterley and Spring Grove,00AT,Hounslow,93.3,54.2,6.9,3.3,10.8,1.2,86.3,80.0,84.7,82.35,18.1797252705088,69.8202747294912,12.0,54.4,46.0,15.7
563,11270,00AGGL,Hampstead Town,00AG,Camden,111.0,54.2,13.4,1.6,6.1,0.7,57.5,82.7,86.6,84.65,17.4977817213842,66.6022182786158,15.9,20.0,40.9,10.4
564,10299,00BDFW,Barnes,00BD,Richmond upon Thames,61.4,54.4,17.9,2.1,9.1,1.0,64.0,82.3,84.8,83.55,20.4000388387222,64.8999611612778,14.7,14.3,32.2,8.3
565,12541,00ALGU,Eltham South,00AL,Greenwich,94.6,54.6,22.4,5.5,21.5,1.0,61.9,77.4,85.8,81.6,16.2586715572921,68.0413284427079,15.7,16.8,17.5,4.6
566,7483,00ANGK,Palace Riverside,00AN,Hammersmith and Fulham,82.6,54.7,14.2,1.8,9.9,0.9,40.0,80.9,89.0,84.95,18.3348924228251,66.96510757717489,14.7,15.0,34.1,8.2
567,10287,00BHGA,Chingford Green,00BH,Waltham Forest,72.7,54.9,15.4,4.9,24.2,1.1,60.6,77.7,84.4,81.05000000000001,17.663069894041,60.536930105959,21.8,14.7,13.1,3.0
568,11719,00AHGX,Selsdon and Ballards,00AH,Croydon,39.6,55.2,2.0,2.7,15.2,1.5,51.8,84.5,89.4,86.95,16.0679238842905,65.03207611570949,18.9,19.7,15.7,2.2
569,19730,00ALHE,Thamesmead Moorings,00AL,Greenwich,94.5,55.5,38.0,9.3,18.7,0.7,122.5,74.3,77.5,75.9,28.6467308667005,66.6532691332995,4.7,57.6,41.8,12.1
570,10387,00ASGR,Ickenham,00AS,Hillingdon,43.5,55.7,4.4,1.6,14.6,1.6,57.1,81.9,85.4,83.65,18.638682969096,61.461317030904006,19.9,21.8,15.9,2.8
571,12466,00ARGE,Elm Park,00AR,Havering,50.6,55.7,15.1,5.0,29.6,1.1,63.2,76.9,84.5,80.7,17.9207444248356,62.6792555751644,19.4,13.7,10.9,2.1
572,12528,00ARGD,Cranham,00AR,Havering,34.7,55.9,4.8,2.7,22.2,1.3,47.0,80.8,84.5,82.65,17.2333971902937,59.2666028097063,23.5,5.6,6.0,1.1
573,11376,00AQGD,Harrow Weald,00AQ,Harrow,65.5,56.3,15.9,4.7,19.4,1.3,65.1,80.6,85.7,83.15,19.7433192686357,63.1566807313643,17.1,48.3,36.7,10.5
574,15121,00AJGT,Northolt West End,00AJ,Ealing,116.4,56.3,34.5,9.4,25.1,0.9,102.2,78.6,86.0,82.3,25.553865485087,64.646134514913,9.8,55.1,41.5,18.6
575,10021,00ABGA,Chadwell Heath,00AB,Barking and Dagenham,100.4,56.4,,,,,76.7,78.9,82.7,80.80000000000001,24.5085320826265,59.8914679173735,15.6,37.9,24.8,6.5
576,14127,00BHGG,High Sainteet,00BH,Waltham Forest,209.2,56.4,19.0,8.3,18.3,0.6,97.4,78.4,81.7,80.05000000000001,19.5087421250088,72.8912578749912,7.6,50.7,44.4,18.0
577,13006,00AKGW,Highlands,00AK,Enfield,40.6,56.5,7.4,3.3,18.7,1.2,50.7,81.5,90.5,86.0,16.9075811164078,64.5924188835922,18.5,20.8,20.9,5.4
578,11436,00BDGE,Kew,00BD,Richmond upon Thames,61.6,56.6,9.9,1.7,7.5,1.0,66.7,79.0,88.4,83.7,20.1556488282616,65.94435117173839,13.9,15.3,30.2,7.6
579,13194,00BHGH,Higham Hill,00BH,Waltham Forest,79.5,56.7,33.6,11.5,23.7,0.7,107.4,75.8,88.0,81.9,24.4808246172503,67.9191753827497,7.6,51.9,40.3,15.7
580,12244,00AHGJ,Coulsdon East,00AH,Croydon,39.3,56.8,12.5,3.5,18.2,1.4,65.1,81.8,85.7,83.75,19.1849068931722,61.2150931068278,19.6,15.4,11.8,1.5
581,13433,00ALHD,Shooters Hill,00AL,Greenwich,51.1,57.1,19.5,5.9,19.4,1.0,87.2,78.0,86.2,82.1,20.7474130871734,66.8525869128266,12.4,33.5,23.8,5.2
582,12471,00AQFZ,Canons,00AQ,Harrow,52.4,57.3,10.2,2.9,17.8,1.3,72.9,81.1,87.2,84.15,18.3626012348649,62.0373987651351,19.6,48.4,40.1,12.5
583,15159,00ACGP,Totteridge,00AC,Barnet,49.2,57.7,8.7,2.5,13.0,1.3,68.7,80.3,83.0,81.65,20.1068672075994,63.093132792400596,16.8,34.3,37.6,13.7
584,10679,00BBGT,Royal Docks,00BB,Newham,91.6,57.8,30.8,5.6,14.1,0.7,63.9,80.6,83.1,81.85,21.0693885195243,74.9306114804757,4.0,54.1,48.3,18.1
585,18451,00ACGM,Mill Hill,00AC,Barnet,82.4,59.0,12.8,3.8,14.0,1.3,63.8,80.7,86.6,83.65,22.8171914801366,64.0828085198634,13.1,36.1,34.4,10.2
586,15113,00AFGF,Bromley Common and Keston,00AF,Bromley,52.8,59.3,15.7,4.3,20.5,1.3,63.5,79.8,83.6,81.69999999999999,20.7437305630914,62.656269436908595,16.6,12.8,12.1,1.9
587,12953,00BCGK,Hainault,00BC,Redbridge,91.1,59.8,27.3,8.4,28.9,1.0,80.4,78.1,83.8,80.94999999999999,23.0448544738671,62.855145526132894,14.1,29.8,22.2,7.4
588,14831,00AFGJ,Chislehurst,00AF,Bromley,70.1,60.0,7.1,2.9,15.8,1.4,59.7,81.2,83.0,82.1,17.9826040051244,60.5173959948756,21.5,12.0,12.7,1.9
589,14355,00AKGX,Jubilee,00AK,Enfield,61.4,60.6,15.5,9.1,28.5,1.0,92.0,77.2,82.2,79.7,23.7965865552072,64.3034134447928,11.9,50.9,40.8,16.9
590,12650,00ARGJ,Harold Wood,00AR,Havering,72.9,60.7,16.0,4.8,25.8,1.2,60.4,79.8,82.6,81.19999999999999,17.4466403162055,65.15335968379449,17.4,10.1,9.4,2.5
591,10469,00ASGT,Northwood,00AS,Hillingdon,57.1,61.0,14.2,2.3,13.3,1.3,50.4,81.4,83.9,82.65,15.8276817270035,63.27231827299651,20.9,34.8,31.8,7.0
592,13213,00AHGP,Heathfield,00AH,Croydon,82.2,61.3,9.3,4.2,17.2,1.3,56.9,84.1,83.7,83.9,19.0494210247484,65.0505789752516,15.9,24.6,16.9,2.8
593,11207,00ADGJ,Cray Meadows,00AD,Bexley,46.2,61.6,22.8,4.1,25.1,1.2,61.7,76.9,79.5,78.2,20.5139644864817,61.8860355135183,17.6,11.0,9.9,2.3
594,8491,00BAGQ,Village,00BA,Merton,60.3,62.2,5.6,0.9,6.8,1.4,49.7,82.6,86.3,84.44999999999999,19.1025792015075,61.59742079849251,19.3,17.1,34.0,8.3
595,12067,00BKGP,Regent's Park,00BK,Westminster,76.4,62.2,19.1,2.2,13.0,0.6,54.1,80.9,83.5,82.2,15.2979199469628,68.40208005303721,16.3,43.7,59.9,23.7
596,12364,00ASGX,South Ruislip,00AS,Hillingdon,85.0,62.8,10.1,3.4,18.3,1.2,82.1,77.6,83.8,80.69999999999999,20.1957295373665,67.2042704626335,12.6,27.0,23.2,7.7
597,10330,00BDGL,Teddington,00BD,Richmond upon Thames,56.1,64.0,8.5,1.5,7.7,1.1,51.9,81.9,83.4,82.65,18.9351403678606,67.46485963213941,13.6,8.9,17.8,4.1
598,11543,00BCGU,Wanstead,00BC,Redbridge,85.9,64.2,14.3,3.0,15.2,1.1,70.2,79.9,84.3,82.1,19.3797106471455,66.1202893528545,14.5,30.0,22.8,5.7
599,10955,00AGGN,Highgate,00AG,Camden,92.1,65.2,34.1,5.2,12.6,0.7,45.9,82.3,84.1,83.19999999999999,17.8183477863989,66.9816522136011,15.2,20.2,27.1,5.5
600,11566,00ADGR,North End,00AD,Bexley,89.9,65.3,37.4,8.9,28.8,0.9,89.6,74.0,79.0,76.5,26.8026975618191,62.5973024381809,10.6,27.0,18.8,3.3
601,11098,00AMGL,King's Park,00AM,Hackney,61.9,67.7,57.9,13.6,24.6,0.5,66.2,77.2,85.7,81.45,25.5541539016039,65.2458460983961,9.2,62.0,43.3,13.4
602,9715,00BFGG,Carshalton South and Clockhouse,00BF,Sutton,37.1,68.2,10.6,3.0,15.5,1.5,53.7,80.2,82.0,81.1,20.9264024704066,63.7735975295934,15.3,16.7,13.9,2.4
603,14692,00ARGG,Gooshays,00AR,Havering,86.2,68.4,41.9,9.3,34.2,1.0,68.6,76.3,80.4,78.35,23.2371358562483,63.8628641437517,12.9,12.8,10.7,2.6
604,13788,00AKGP,Cockfosters,00AK,Enfield,55.9,68.8,12.0,4.3,19.0,1.3,46.1,81.5,86.8,84.15,17.2251232956194,63.7748767043806,19.0,26.3,30.5,9.5
605,9270,00BKGH,Knightsbridge and Belgravia,00BK,Westminster,184.9,69.1,3.9,0.4,5.7,0.9,30.9,89.9,93.4,91.65,11.4670981661273,75.3329018338727,13.2,30.4,59.6,23.9
606,14507,00AFGH,Chelsfield and Pratts Bottom,00AF,Bromley,32.7,69.2,4.6,2.3,16.4,1.5,52.6,83.0,85.6,84.3,19.2941338664093,62.0058661335907,18.7,9.7,9.7,1.3
607,15906,00AFGS,Hayes and Coney Hall,00AF,Bromley,38.0,69.5,3.1,2.2,15.7,1.4,48.9,80.5,86.7,83.6,20.0427511630831,62.057248836916905,17.9,8.3,8.7,1.0
608,12094,00ADGX,Thamesmead East,00AD,Bexley,68.5,70.5,38.4,9.7,20.8,0.8,117.0,77.9,83.8,80.85,27.1622292045642,66.0377707954358,6.8,52.7,38.1,7.6
609,16132,00BJGL,Roehampton,00BJ,Wandsworth,84.7,70.6,46.0,8.3,18.2,0.6,48.3,74.1,81.2,77.65,18.4540044631788,71.0459955368212,10.5,34.5,38.6,15.5
610,9951,00AFGE,Biggin Hill,00AF,Bromley,43.4,71.4,4.6,2.8,18.3,1.7,60.0,82.2,86.2,84.2,18.9528690583861,64.7471309416139,16.3,4.1,5.1,0.5
611,9985,00BDGA,Hampton,00BD,Richmond upon Thames,56.6,74.7,13.8,1.7,12.5,1.2,78.5,81.1,86.6,83.85,19.3390085127692,64.8609914872308,15.8,11.3,16.7,4.0
612,13000,00ARGK,Havering Park,00AR,Havering,51.8,75.3,20.6,6.4,30.4,1.3,58.0,75.3,79.0,77.15,21.2692307692308,62.8307692307692,15.9,12.0,9.1,1.5
613,10232,00AXGC,Chessington South,00AX,Kingston upon Thames,49.4,75.7,11.7,2.1,19.1,1.4,60.9,80.0,83.3,81.65,20.6802189210321,65.8197810789679,13.5,13.0,14.3,3.9
614,15445,00AFGM,Cray Valley East,00AF,Bromley,115.7,76.4,24.7,6.1,27.9,1.0,70.1,77.6,81.1,79.35,22.1819359015863,61.9180640984137,15.9,14.6,12.3,2.5
615,10348,00BDFX,East Sheen,00BD,Richmond upon Thames,58.3,76.7,7.6,1.5,6.6,1.1,85.9,84.5,88.5,86.5,22.9029764205644,63.1970235794356,13.9,9.3,23.6,5.5
616,14544,00BCFY,Aldborough,00BC,Redbridge,100.4,76.8,11.3,5.3,19.6,1.1,69.2,77.4,82.2,79.80000000000001,23.0060506050605,64.5939493949395,12.4,61.3,38.4,12.8
617,12482,00ARGQ,Rainham and Wennington,00AR,Havering,81.8,79.0,8.9,5.2,29.8,1.3,64.2,77.2,82.0,79.6,18.9953533087646,63.50464669123539,17.5,15.7,10.9,2.4
618,13762,00AKGN,Chase,00AK,Enfield,52.5,81.5,21.3,6.5,22.4,1.1,63.5,76.8,80.8,78.8,22.1915419270455,64.60845807295449,13.2,23.4,21.0,7.0
619,10317,00BDFZ,"Ham, Petersham and Richmond Riverside",00BD,Richmond upon Thames,65.8,81.9,18.5,3.1,14.1,1.0,68.8,78.3,86.4,82.35,19.1237762915576,64.1762237084424,16.7,15.9,30.5,7.6
620,12833,00ARGW,Upminster,00AR,Havering,49.5,82.0,1.9,31.6,19.0,1.4,38.6,80.1,81.6,80.85,16.7770591443934,60.722940855606595,22.5,4.8,6.1,0.9
621,7399,00ASGN,Harefield,00AS,Hillingdon,67.4,85.5,24.0,3.2,23.8,1.4,55.8,78.3,82.3,80.3,19.2458440329774,63.7541559670226,17.0,12.5,13.3,3.1
622,5110,00AFGQ,Darwin,00AF,Bromley,58.6,88.8,5.5,1.6,21.9,1.7,63.8,81.2,82.4,81.80000000000001,18.3170254403131,59.7829745596869,21.9,4.8,6.1,0.4
623,16414,00AZGW,Telegraph Hill,00AZ,Lewisham,71.7,99.9,36.6,8.2,14.4,0.6,53.8,76.4,78.8,77.6,19.5321067381504,73.4678932618496,7.0,49.4,36.9,10.9
